gene-name	gene-id	gene-type	TCGA-44-2655-01A-01R-0946-07	TCGA-44-2657-01A-01R-1107-07	TCGA-44-2661-01A-01R-1107-07	TCGA-44-2662-01A-01R-0946-07	TCGA-44-2665-01A-01R-0946-07	TCGA-44-2668-01A-01R-0946-07	TCGA-43-3394-01A-01R-0980-07	TCGA-44-3396-01A-01R-1206-07	TCGA-44-3398-01A-01R-1107-07	TCGA-51-4081-01A-01R-1100-07	TCGA-49-4490-01A-21R-1858-07	TCGA-49-4512-01A-21R-1858-07	TCGA-22-4593-01A-21R-1820-07	TCGA-22-4609-01A-21R-2125-07	TCGA-38-4625-01A-01R-1206-07	TCGA-38-4626-01A-01R-1206-07	TCGA-38-4627-01A-01R-1206-07	TCGA-38-4632-01A-01R-1755-07	TCGA-73-4676-01A-01R-1755-07	TCGA-39-5040-01A-21R-2125-07	TCGA-22-5471-01A-01R-1635-07	TCGA-22-5472-01A-01R-1635-07	TCGA-22-5478-01A-01R-1635-07	TCGA-22-5481-01A-31R-1949-07	TCGA-22-5482-01A-01R-1635-07	TCGA-44-5645-01A-01R-1628-07	TCGA-50-5930-01A-11R-1755-07	TCGA-50-5931-01A-11R-1755-07	TCGA-50-5932-01A-11R-1755-07	TCGA-50-5933-01A-11R-1755-07	TCGA-50-5935-01A-11R-1755-07	TCGA-50-5936-01A-11R-1628-07	TCGA-50-5939-01A-11R-1628-07	TCGA-43-6143-01A-11R-1820-07	TCGA-44-6145-01A-11R-1755-07	TCGA-44-6146-01A-11R-1755-07	TCGA-44-6147-01A-11R-1755-07	TCGA-44-6148-01A-11R-1755-07	TCGA-50-6595-01A-12R-1858-07	TCGA-33-6737-01A-11R-1820-07	TCGA-49-6742-01A-11R-1858-07	TCGA-49-6743-01A-11R-1858-07	TCGA-49-6744-01A-11R-1858-07	TCGA-49-6745-01A-11R-1858-07	TCGA-49-6761-01A-31R-1949-07	TCGA-43-6771-01A-11R-1820-07	TCGA-44-6776-01A-11R-1858-07	TCGA-44-6777-01A-11R-1858-07	TCGA-44-6778-01A-11R-1858-07	TCGA-91-6828-01A-11R-1858-07	TCGA-91-6829-01A-21R-1858-07	TCGA-91-6831-01A-11R-1858-07	TCGA-91-6835-01A-11R-1858-07	TCGA-91-6836-01A-21R-1858-07	TCGA-90-6837-01A-11R-1949-07	TCGA-91-6847-01A-11R-1949-07	TCGA-91-6849-01A-11R-1949-07	TCGA-55-6968-01A-11R-1949-07	TCGA-55-6969-01A-11R-1949-07	TCGA-55-6970-01A-11R-1949-07	TCGA-55-6971-01A-11R-1949-07	TCGA-55-6972-01A-11R-1949-07	TCGA-55-6975-01A-11R-1949-07	TCGA-55-6978-01A-11R-1949-07	TCGA-55-6979-01A-11R-1949-07	TCGA-55-6980-01A-11R-1949-07	TCGA-55-6981-01A-11R-1949-07	TCGA-55-6982-01A-11R-1949-07	TCGA-55-6983-01A-11R-1949-07	TCGA-55-6984-01A-11R-1949-07	TCGA-55-6985-01A-11R-1949-07	TCGA-55-6986-01A-11R-1949-07	TCGA-34-7107-01A-11R-1949-07	TCGA-77-7138-01A-41R-2045-07	TCGA-77-7142-01A-11R-2045-07	TCGA-56-7222-01A-11R-2045-07	TCGA-77-7335-01A-11R-2045-07	TCGA-77-7338-01A-11R-2045-07	TCGA-43-7657-01A-31R-2125-07	TCGA-43-7658-01A-11R-2125-07	TCGA-85-7710-01A-11R-2125-07	TCGA-56-7731-01A-11R-2125-07	TCGA-56-7823-01B-11R-2247-07	TCGA-77-8008-01A-21R-2187-07	TCGA-56-8082-01A-11R-2247-07	TCGA-56-8201-01A-11R-2247-07	TCGA-56-8309-01A-11R-2296-07	TCGA-34-8454-01A-11R-2326-07	TCGA-56-8623-01A-11R-A28V-07	TCGA-44-2655-11A-01R-1758-07	TCGA-44-2657-11A-01R-1758-07	TCGA-44-2661-11A-01R-1758-07	TCGA-44-2662-11A-01R-1758-07	TCGA-44-2665-11A-01R-1758-07	TCGA-44-2668-11A-01R-1758-07	TCGA-43-3394-11A-01R-1758-07	TCGA-44-3396-11A-01R-1758-07	TCGA-44-3398-11B-01R-1758-07	TCGA-51-4081-11A-01R-1758-07	TCGA-49-4490-11A-01R-1858-07	TCGA-49-4512-11A-01R-1858-07	TCGA-22-4593-11A-01R-1820-07	TCGA-22-4609-11A-01R-2125-07	TCGA-38-4625-11A-01R-1758-07	TCGA-38-4626-11A-01R-1758-07	TCGA-38-4627-11A-01R-1758-07	TCGA-38-4632-11A-01R-1755-07	TCGA-73-4676-11A-01R-1755-07	TCGA-39-5040-11A-01R-2125-07	TCGA-22-5471-11A-01R-1635-07	TCGA-22-5472-11A-11R-1635-07	TCGA-22-5478-11A-11R-1635-07	TCGA-22-5481-11A-01R-1949-07	TCGA-22-5482-11A-01R-1635-07	TCGA-44-5645-11A-01R-1628-07	TCGA-50-5930-11A-01R-1755-07	TCGA-50-5931-11A-01R-1858-07	TCGA-50-5932-11A-01R-1755-07	TCGA-50-5933-11A-01R-1755-07	TCGA-50-5935-11A-01R-1858-07	TCGA-50-5936-11A-01R-1628-07	TCGA-50-5939-11A-01R-1628-07	TCGA-43-6143-11A-01R-1820-07	TCGA-44-6145-11A-01R-1858-07	TCGA-44-6146-11A-01R-1858-07	TCGA-44-6147-11A-01R-1858-07	TCGA-44-6148-11A-01R-1858-07	TCGA-50-6595-11A-01R-1858-07	TCGA-33-6737-11A-01R-1820-07	TCGA-49-6742-11A-01R-1858-07	TCGA-49-6743-11A-01R-1858-07	TCGA-49-6744-11A-01R-1858-07	TCGA-49-6745-11A-01R-1858-07	TCGA-49-6761-11A-01R-1949-07	TCGA-43-6771-11A-01R-1820-07	TCGA-44-6776-11A-01R-1858-07	TCGA-44-6777-11A-01R-1858-07	TCGA-44-6778-11A-01R-1858-07	TCGA-91-6828-11A-01R-1858-07	TCGA-91-6829-11A-01R-1858-07	TCGA-91-6831-11A-02R-1858-07	TCGA-91-6835-11A-01R-1858-07	TCGA-91-6836-11A-01R-1858-07	TCGA-90-6837-11A-01R-1949-07	TCGA-91-6847-11A-01R-1949-07	TCGA-91-6849-11A-01R-1949-07	TCGA-55-6968-11A-01R-1949-07	TCGA-55-6969-11A-01R-1949-07	TCGA-55-6970-11A-01R-1949-07	TCGA-55-6971-11A-01R-1949-07	TCGA-55-6972-11A-01R-1949-07	TCGA-55-6975-11A-01R-1949-07	TCGA-55-6978-11A-01R-1949-07	TCGA-55-6979-11A-01R-1949-07	TCGA-55-6980-11A-01R-1949-07	TCGA-55-6981-11A-01R-1949-07	TCGA-55-6982-11A-01R-1949-07	TCGA-55-6983-11A-01R-1949-07	TCGA-55-6984-11A-01R-1949-07	TCGA-55-6985-11A-01R-1949-07	TCGA-55-6986-11A-01R-1949-07	TCGA-34-7107-11A-01R-1949-07	TCGA-77-7138-11A-01R-2045-07	TCGA-77-7142-11A-01R-2045-07	TCGA-56-7222-11A-01R-2045-07	TCGA-77-7335-11A-01R-2045-07	TCGA-77-7338-11A-01R-2045-07	TCGA-43-7657-11A-01R-2125-07	TCGA-43-7658-11A-01R-2125-07	TCGA-85-7710-11A-01R-2125-07	TCGA-56-7731-11A-01R-2125-07	TCGA-56-7823-11A-01R-2247-07	TCGA-77-8008-11A-01R-2187-07	TCGA-56-8082-11A-01R-2247-07	TCGA-56-8201-11A-01R-2247-07	TCGA-56-8309-11A-01R-2296-07	TCGA-34-8454-11A-01R-2326-07	TCGA-56-8623-11A-01R-A28V-07
NOS2	ENSG00000007171.18	protein_coding	0.1906	0.1049	0.0639	0.1855	0.0729	0.8485	3.8371	0.8819	0.2266	3.6381	0.4342	0.3186	5.0637	1.9507	0.1297	0.2348	0.7025	0.2593	0.3498	1.134	0.8291	0.7387	0.875	0.8252	0.103	0.0519	0.3241	0.2773	0.333	0.145	0.3769	0.2707	0.5898	1.3224	0.2919	0.4407	0.4285	0.0708	0.8265	0.6857	1.1207	0.6405	0.226	0.5813	0.4607	0.0525	0.412	0.8423	0.5752	0.2539	0.4037	0.3358	0.4283	0.6895	0.3085	0.0482	0.0215	6.4458	6.4807	0.5036	0.1841	0.1993	1.4313	0.8687	0.7579	0.2933	0.1187	0.1554	0.2824	0.1444	0.5248	0.2257	0.1544	0.0725	0.4103	0.0233	0.2975	0.3258	1.0911	0.9201	0.1397	20.354	1.124	0.1458	140.1809	0.6472	2.2959	2.5091	1.5583	2.0956	0.6914	1.0275	1.9551	0.3345	1.0928	1.0688	2.4166	1.6914	0.9254	0.8767	0.6324	0.7924	0.6903	0.275	0.1144	1.199	0.3107	1.3212	0.6939	1.1523	1.4041	1.0342	1.1623	1.7904	1.4308	1.1337	0.7929	1.4747	0.7474	1.8862	0.5008	1.754	0.3066	0.9414	1.7226	1.3511	1.3907	1.4544	0.951	0.2144	0.3641	0.9316	0.9628	1.4845	0.6905	0.5459	0.8766	0.5493	0.8849	0.1812	1.0252	0.2534	0.8016	2.5045	0.3056	1.9244	0.2806	0.562	0.9373	0.586	1.2846	0.5727	1.5228	0.6219	1.5555	1.2831	0.788	0.1266	0.8268	0.7051	1.0839	0.6709	0.5749	0.9536	0.5876	0.8142	1.3465	1.7818	0.4725	1.9006	1.7649	3.665	1.0707	0.8516	1.1385	1.12	2.3304	1.2613
CD4	ENSG00000010610.10	protein_coding	20.7491	55.0934	58.2307	58.4759	40.5424	35.5193	10.5196	42.1569	41.3967	4.0291	18.1271	38.3802	11.2623	37.58	22.1273	51.3123	52.1001	29.8054	17.8844	9.3128	15.6171	22.1101	14.0863	12.5067	9.1084	59.4183	27.8986	4.665	12.5976	58.657	26.3109	21.8553	32.5766	11.3331	33.4671	10.1785	31.4287	25.2793	26.7436	20.5767	10.5677	22.026	51.3794	38.155	20.1069	13.9565	11.8681	112.819	72.6659	43.4671	23.1244	28.1377	69.9565	7.1568	40.8438	2.1521	25.2126	30.2854	37.6849	29.0276	47.8072	2.1163	24.3644	53.4747	73.3491	43.7357	19.4786	36.9024	30.2786	9.9729	33.4793	21.5856	15.6716	6.3387	14.7693	2.6294	60.3721	14.4965	8.5553	16.0771	10.7789	30.7679	4.4527	47.6075	5.1807	65.3585	65.1903	33.4818	62.7493	57.1662	69.4386	71.1562	67.3642	66.8895	64.1981	35.3515	60.5641	51.5238	69.0164	38.2084	45.8514	72.7637	34.8308	46.9328	52.7633	71.3251	86.345	44.1917	28.4055	59.122	70.8197	59.2712	43.7776	79.587	43.607	46.809	44.0661	46.3195	49.6325	47.9878	37.699	55.3936	77.9847	44.9576	48.4561	34.7408	53.1273	48.5148	61.8223	65.5729	45.9011	38.7675	38.7077	31.6912	57.4792	25.7523	61.5013	46.8918	33.8245	71.9621	34.7183	42.3565	54.0095	63.889	31.7299	33.3917	50.6098	38.5078	54.982	33.4718	36.3423	36.7201	44.6419	64.5371	45.1871	50.8572	50.2662	56.7672	41.1235	45.4347	43.156	95.6279	43.3379	37.3577	22.8283	63.0364	29.7054	56.7955	45.2661	64.3634	33.4133	64.3323	52.0982	35.8005	51.7445	65.5956	56.6852	52.0266
IKZF2	ENSG00000030419.16	protein_coding	1.4139	2.1804	2.1228	1.1936	1.3591	1.1765	0.8902	1.6443	2.5285	1.0648	2.5178	1.7619	1.1568	1.7651	0.6257	0.8607	1.163	0.8902	2.7657	1.9064	0.2314	5.2112	0.9542	0.7973	0.4607	2.1222	0.9635	5.4795	2.4	1.3637	1.5058	1.3257	1.108	3.3825	2.298	2.8391	2.6907	2.1584	1.0609	1.081	1.0478	1.3685	1.6506	3.4379	1.5134	0.544	1.463	1.5114	1.4471	0.6811	1.2261	0.8369	3.2167	1.5159	1.3541	2.8356	1.1941	0.7875	0.9072	2.1604	2.0673	1.4452	1.2272	1.9575	2.4315	2.912	2.5311	1.8884	1.7039	1.8938	3.3604	2.4567	0.4155	0.9585	1.3359	3.0219	1.3739	0.891	0.2112	1.6623	2.4452	1.5884	2.0617	1.3865	2.4899	0.4758	2.6113	3.364	1.0699	0.8615	0.9558	0.6856	0.4574	0.6082	0.7127	1.3885	1.1918	1.131	0.7601	0.7053	1.282	0.7253	1.1304	0.8235	1.6007	0.5934	0.8753	0.9011	0.9403	1.0379	1.737	1.2831	0.7561	0.7861	0.9195	0.7455	0.6484	1.1406	1.0767	1.2863	1.4499	0.8636	1.0882	0.9473	1.0827	0.8318	1.5351	1.2705	0.9886	0.7433	0.826	1.2053	0.9329	0.8976	0.5971	1.1004	1.0008	0.8742	1.1747	2.4968	1.2657	1.6951	1.3278	0.7071	1.1612	0.9437	1.0734	1.1834	0.9414	1.4557	0.8103	1.1447	1.4254	1.3488	1.1367	0.8838	1.6766	1.4101	1.3993	2.0509	1.8745	0.5835	1.336	1.3299	1.2382	0.8213	1.0495	1.1203	1.3251	2.2486	0.7112	1.2749	0.744	0.9995	0.911	1.6361	1.3281	0.9832
FOXP3	ENSG00000049768.16	protein_coding	1.2955	3.1602	5.6029	1.9406	3.5591	2.1462	0.7111	4.0729	1.7567	0.664	1.6094	2.712	1.4104	2.9394	1.2537	1.2397	0.9529	2.664	0.5699	0.5601	4.7034	0.408	1.5773	2.1451	0.5923	5.1096	1.2598	0.7709	0.3121	2.3736	3.1206	3.2562	1.8273	1.1786	2.2533	0.1795	1.7358	0.6727	1.9567	1.7905	0.5094	1.4072	5.057	3.2827	1.5785	1.6558	0.6108	3.1148	3.1898	1.4993	0.7051	2.0395	4.9273	1.0618	3.1986	0.2432	0.9963	1.6392	3.978	1.6218	3.2405	0.1838	1.3869	4.0929	4.5351	4.0662	1.1844	2.4367	1.626	0.9518	2.2554	0.7814	2.0997	1.1639	0.697	0.2548	9.6369	1.2176	0.2719	3.676	0.675	1.5446	0.6057	3.3144	0.722	4.101	8.9497	7.0935	0.833	0.4496	2.8855	1.1022	0.5194	0.8855	0.2701	0.4527	0.9842	0.7514	0.8225	0.2293	0.2254	0.5648	0.3298	0.1867	0.4229	0.2685	1.4	0.1375	0.2016	0.5565	0.4791	0.5164	0.4666	0.6594	0.5459	0.1197	0.3921	0.2213	0.2955	0.5286	0.2513	0.3248	2.0502	0.4187	0.3883	0.1295	0.3562	0.2707	0.8911	0.3057	0.2162	0.1124	0.2196	0.2431	0.2482	0.1692	0.8576	0.5499	0.2645	0.226	0.4814	0.572	0.5217	0.1773	0.1494	0.2325	0.7869	0.8511	1.0736	0.2923	0.4235	0.3437	0.5009	1.3374	1.3008	0.6235	0.8425	1.2352	0.3969	0.5967	0.1805	1.2703	0.4659	0.133	0.1414	0.3316	0.09	0.5668	0.3818	5.814	0.1594	0.6635	0.555	0.2996	0.4483	0.9204	2.7604	1.2226
PKM	ENSG00000067225.18	protein_coding	256.3004	107.5111	189.7997	261.1573	302.8352	265.0188	343.6154	258.4316	384.5076	278.0399	195.8648	154.7813	373.1415	239.7711	213.6401	135.7403	240.8836	270.048	279.6834	101.7201	224.9065	266.7063	416.3728	291.0885	472.5038	160.0592	141.0577	249.6254	186.2145	209.0627	127.1203	284.8709	336.838	145.9939	182.1355	117.7935	78.4367	125.2632	299.5938	275.8475	159.4888	211.3323	152.4482	221.9712	157.016	503.312	178.6334	177.5751	94.9721	112.1225	148.5782	195.6883	86.0529	133.8295	267.2484	156.2553	205.2357	165.8599	176.0822	93.1727	143.4526	96.8793	258.3788	212.1532	183.8883	261.2941	177.6465	245.0376	132.5707	288.7175	194.5162	246.3525	190.8873	502.4023	121.2882	485.0996	178.7267	268.1949	309.0371	117.1217	263.9447	239.3399	256.5718	352.6694	183.5956	310.578	204.1495	282.4635	111.829	81.9353	107.7229	98.2261	97.5187	99.7889	159.4115	102.3859	96.4686	105.7886	103.2468	102.6665	109.3643	191.2348	63.3883	97.5945	122.9	111.1818	134.2611	118.9534	75.4946	127.6493	134.7103	96.216	98.769	92.4876	83.556	98.9844	73.0648	93.2719	80.271	78.9498	70.886	69.5849	110.6985	102.7082	78.3951	74.8536	90.0314	63.7265	78.4876	151.6529	97.1899	65.6126	107.1969	77.8639	99.17	65.5399	108.2505	60.5646	86.2301	152.7166	59.586	122.3117	81.8043	87.6529	98.41	79.6902	111.2273	79.1864	62.1248	79.2032	67.2918	73.5189	75.8173	100.6989	78.866	57.4865	73.5796	106.9554	107.9278	80.2836	67.6749	119.49	77.8481	66.7713	71.351	85.9084	73.4309	91.7707	92.2712	91.8441	93.4418	77.2054	117.4016	78.9725	87.3636	109.1241	84.981	99.3581
TBX21	ENSG00000073861.3	protein_coding	0.3488	2.5982	1.1871	0.2698	0.1756	0.9979	0.1215	0.6578	0.5064	0.0546	0.5013	0.1928	0.1122	0.9781	0.3565	0.4195	0.3139	1.5434	0.3664	0.2888	1.5657	0.4796	0.3175	0.6589	0.1309	0.7604	0.7899	0.0232	0.2446	0.2334	1.0569	0.241	0.3822	0.1809	1.7541	0.2029	0.8597	0.5042	1.0141	0.5746	0.245	0.4333	1.0508	2.4677	1.0701	0.3417	0.29	0.583	2.5392	1.0789	0.3144	0.5383	2.7795	0.9362	0.4779	0.1492	1.0091	1.4881	1.2419	0.6558	1.9125	0.2947	0.1724	11.1177	3.6646	0.7798	0.116	1.1556	0.9776	0.499	1.5323	0.4998	0.219	0.1151	0.3542	0.0065	1.8571	0.2596	0.1854	0.691	0.5463	0.5576	0.2757	0.426	0.1947	1.1536	2.5888	0.7347	3.0056	0.9044	2.4737	2.0373	1.5823	0.5806	0.7163	1.2863	1.8302	5.2076	1.9004	2.1566	1.3578	1.4856	2.4909	0.5705	1.0866	1.5254	1.3436	2.1817	1.6516	0.9537	1.9903	2.0134	2.2806	4.4695	3.3336	1.4355	1.0305	2.2401	0.9999	1.9722	2.3285	0.2314	2.5625	1.8931	2.0006	2.0814	1.7539	4.2517	2.9017	0.313	0.6483	0.9007	1.1746	4.757	1.0879	2.0815	2.434	1.8518	1.2318	0.8858	0.8287	0.932	1.3434	0.79	0.9073	1.8585	1.729	1.2508	3.3378	1.2029	4.291	1.4817	3.5896	1.6089	1.9463	1.1077	2.5619	0.9463	0.8554	1.3735	1.1385	1.0986	3.1675	2.1366	0.5435	1.5364	3.1662	1.6658	1.8455	3.2475	3.0229	1.6509	1.97	3.0799	2.1292	1.2366	2.7523	5.43
ENO1	ENSG00000074800.16	protein_coding	460.5687	504.8191	360.1768	512.494	351.3005	634.7453	474.0695	437.9468	567.6783	240.579	701.3948	621.5773	506.3458	294.3878	554.9222	376.3021	529.8266	541.3897	600.3666	337.0369	409.3867	368.579	570.1231	920.1767	863.7603	348.8159	243.7263	724.4784	130.3715	374.9243	255.0609	331.1275	761.8555	519.6867	396.6659	97.1272	234.7069	262.3638	545.6918	666.7272	345.188	643.0428	478.0656	423.3288	538.7756	1003.3633	348.413	675.3425	263.211	187.4606	316.7569	500.7965	250.8782	620.9972	653.3021	564.9151	394.8306	286.4488	479.3632	336.5342	275.7283	328.0664	350.8273	420.302	447.143	859.6195	644.9439	702.2461	265.9288	422.4208	442.2017	413.9261	200.0046	642.1184	197.6632	697.322	437.1168	221.386	385.0376	327.5631	544.798	468.2141	337.6725	426.728	347.7865	519.2475	439.1379	458.7709	176.0442	132.3231	219.1976	164.9972	186.5872	186.9859	352.8268	154.8509	161.3937	170.5557	185.0134	175.6966	220.884	494.6454	158.2898	186.0292	233.502	248.5192	312.512	229.4057	158.0472	207.9027	227.6556	161.4225	199.9187	155.5748	122.8966	196.1108	161.3233	159.2077	205.251	138.4399	142.6476	118.8039	237.1276	248.1713	138.1854	219.8291	118.32	115.2956	130.7677	276.9496	190.3382	122.1817	173.1853	158.1382	255.9932	160.2197	214.9461	105.6031	166.9302	237.5593	129.7701	197.4516	175.3761	177.0516	185.2466	141.9032	240.4116	191.5404	120.3146	144.102	128.3885	170.1655	140.4189	172.8581	131.8238	97.5368	124.1037	209.605	157.7426	153.7158	95.6249	206.4032	135.8581	129.5286	210.4977	173.8953	187.1138	168.4798	159.8011	151.7052	326.8337	176.6437	252.3715	206.9507	169.2903	148.7488	130.222	172.0604
PGM1	ENSG00000079739.17	protein_coding	29.8472	21.2943	19.9064	41.994	21.0896	30.9859	20.25	25.0699	41.563	9.4342	26.5499	10.8846	19.5497	14.8039	28.5508	22.7108	21.8584	39.6436	40.135	45.233	15.4804	11.9643	25.9481	13.1045	22.5417	16.5265	32.9633	15.5829	16.6695	32.891	14.4775	18.2848	49.0301	8.151	39.5277	34.3447	14.3314	22.043	25.3295	35.6216	23.5625	36.6783	27.2392	19.5317	34.483	39.4791	14.0744	30.419	20.6402	10.527	28.0187	28.1896	14.064	22.2658	13.8001	23.9143	19.2012	13.2757	19.7198	16.42	22.4527	10.5749	26.375	17.7462	20.5878	46.9749	23.3194	22.4889	17.3707	14.6129	14.5926	18.7344	7.3314	25.6065	21.8737	35.376	14.934	15.1487	18.1001	10.9108	12.1066	23.0821	6.1158	20.0137	10.5484	15.5908	20.1444	21.5072	27.7225	26.7965	36.196	36.0923	54.7259	33.3457	28.4373	35.3646	26.5943	31.0465	28.5499	47.5234	42.6992	36.8423	35.233	27.4937	27.9788	30.2431	21.0215	59.904	35.3168	40.085	24.7408	37.0554	31.0258	42.8671	49.8314	41.2743	36.168	27.6358	32.9155	22.6396	32.9825	47.5951	24.6788	40.1907	22.5289	35.5689	37.255	33.0155	21.0659	34.1536	32.3757	29.1816	34.1981	33.0414	21.0323	65.7205	29.7298	23.3172	42.9118	28.6067	43.894	16.1938	25.5538	22.0033	47.2246	39.7162	39.1867	21.3739	25.6711	22.3416	30.3149	31.3841	56.8132	20.7413	33.3768	18.0393	17.8892	39.9823	34.4181	19.9123	18.3558	21.1762	28.1099	37.534	34.54	41.8731	26.2698	28.6024	38.5688	17.7999	42.9447	25.3455	32.9857	36.9914	38.3654	20.0748	24.6838	28.713
GZMB	ENSG00000100453.13	protein_coding	1.8462	14.454	10.245	6.5465	1.6761	44.2273	2.1932	13.9139	11.0702	1.1473	1.2936	0.6621	1.4063	19.3224	8.3475	7.5309	6.0265	15.1095	5.8033	2.8368	55.6332	3.0386	3.1498	14.3316	2.9118	3.1929	14.5578	1.1673	1.4363	2.9122	1.7628	3.0597	6.1542	3.4116	27.2823	0.9815	4.271	1.2507	20.5691	9.2713	3.6712	6.1188	10.0914	8.4049	40.0915	4.883	1.6698	5.1378	20.0326	7.4629	3.2617	8.9896	7.9038	8.6304	7.4911	2.3245	6.7046	12.0495	19.6028	7.0263	27.9761	2.7412	4.229	26.6748	16.0716	1.7976	1.3877	2.9977	6.8459	2.1097	19.9048	1.0052	3.2467	3.2355	3.6692	0.8116	47.742	3.0841	1.8674	8.4236	6.655	9.9243	4.53	2.5989	1.3472	18.9293	22.2544	33.4709	7.7112	3.4305	9.2431	3.6792	11.7268	5.4376	11.0729	11.4393	10.0697	16.8745	15.5397	19.5843	8.872	13.1789	13.5966	3.2114	10.4505	15.6961	24.871	26.3677	17.0857	4.7215	7.2988	12.3664	9.7238	15.0009	11.16	6.5717	7.9205	7.6626	6.5402	8.4691	10.8406	0.7104	5.8292	9.2743	9.2423	15.2811	6.8051	17.0539	19.4312	1.7468	3.7599	4.3343	13.7114	19.5445	12.0789	6.2649	9.5656	10.5188	7.164	2.8251	9.7011	4.7625	11.1922	3.7356	2.1236	8.2115	4.2605	4.1063	15.7064	6.8505	15.557	5.0745	11.1647	6.1563	11.0245	4.6366	9.1882	8.2866	4.2215	7.8307	3.9473	6.2752	10.5456	6.0592	1.82	19.8592	18.117	5.0169	6.2402	18.8479	31.1049	7.9884	6.7812	18.9035	7.8832	12.3034	8.8223	14.0342
HIF1A	ENSG00000100644.17	protein_coding	35.1956	30.6513	43.5377	80.5474	99.6326	221.9947	45.3563	111.4141	87.1257	88.9174	25.9916	22.5355	61.0018	75.134	60.5749	84.2974	53.6334	73.9963	80.7585	29.4232	49.1544	37.8591	54.9269	23.4181	52.603	27.5896	43.0479	39.1034	34.6227	52.6906	25.1773	43.9011	198.5628	69.1543	70.0333	14.9692	38.0547	22.2281	91.6887	68.0753	32.8397	93.8068	39.4	153.5337	88.023	192.6724	22.3923	43.7172	47.704	46.0124	59.0084	50.5402	52.825	51.8383	86.4519	62.7589	42.2963	42.1617	37.0014	54.2197	87.3236	24.2089	51.5621	159.4204	50.1125	31.3408	60.4147	84.454	52.3967	68.9802	44.326	38.8398	44.8902	93.061	55.6443	151.8794	59.1329	49.216	32.0702	21.8734	128.7502	89.0472	101.6471	91.0733	40.7928	92.3395	33.7161	84.5607	21.7696	22.5411	25.2607	22.3027	29.3575	40.5774	58.1911	38.4717	34.5322	20.0684	48.7119	32.7307	24.1342	48.5352	37.178	21.5748	33.1978	39.7365	56.4971	40.5863	39.4348	21.6294	30.2234	18.786	24.9086	23.1966	15.8892	25.1737	39.0398	22.5365	70.7608	28.0319	25.4791	33.7733	32.2073	38.2553	22.8608	74.9789	18.3671	23.6958	31.1695	30.6538	34.8558	29.713	21.0424	25.5097	74.3119	23.992	24.1109	37.9831	24.9569	16.3222	46.5252	21.3903	27.3993	37.3362	15.8253	22.598	28.4965	31.0602	30.3742	25.9214	18.9416	32.4599	20.0363	25.7337	16.1092	31.0797	18.6142	32.3277	16.2363	29.263	16.8652	56.6773	21.425	28.5705	23.7279	29.5606	32.6513	25.4482	18.3741	27.3319	93.0278	47.3966	71.2937	64.1404	23.5763	19.8445	23.148	19.0686
MMP9	ENSG00000100985.7	protein_coding	4.4717	30.4793	9.1068	40.3596	60.8739	161.1867	21.5329	85.9439	20.3978	69.853	20.8245	33.6111	18.8081	86.507	44.9975	7.455	34.0201	17.3269	10.9982	6.7112	59.2346	3.3795	44.3131	17.7155	37.7301	31.6144	54.0355	17.1823	1.4001	69.3354	36.0651	87.2767	45.4665	22.0712	18.0748	0.6841	38.644	3.3883	122.5467	11.1874	3.2727	26.502	36.7962	22.7048	28.0519	19.7795	1.3035	85.0659	37.714	15.4529	10.7395	45.6387	132.0046	10.407	61.9034	3.3111	122.7274	69.4619	109.2833	23.2673	65.0625	0.2649	11.1513	40.295	80.2924	11.5625	19.3344	37.2744	40.5322	8.6995	46.7594	9.7757	25.0315	49.8353	23.2864	30.139	65.9938	82.7583	69.9406	12.9403	6.2344	43.8496	13.5004	60.0887	18.6638	697.7012	128.0966	26.8129	136.6181	1.5244	45.4618	30.5475	4.8607	3.6144	6.7713	4.9105	13.79	2.6815	21.2676	3.5443	2.3073	10.757	6.4402	2.622	2.442	1.4186	45.2568	14.0744	1.6562	0.744	2.5958	7.2189	7.605	5.2053	17.4582	0.3321	9.7055	0.6009	7.345	4.9486	1.7665	1.6775	12.516	3.3895	2.4292	10.9073	12.8728	6.4666	1.6838	0.2736	0.5713	0.8907	0.7977	4.2122	5.2622	0.5959	4.3212	6.6245	2.4324	7.5936	3.4977	1.3522	1.5752	1.8002	1.0031	2.3648	15.202	6.4157	17.083	1.7931	0.7899	1.8542	5.7038	40.103	1.5818	10.159	6.0841	10.2306	0.7626	4.7134	3.7043	7.7061	1.2606	1.8251	0.5748	3.0923	1.9969	7.2827	4.1896	56.6579	16.5083	3.2083	9.9686	10.3931	25.4309	3.4739	35.1603	9.9655
PGK1	ENSG00000102144.15	protein_coding	126.5624	121.2764	171.6263	322.1628	164.0261	280.7241	378.107	207.3991	486.538	168.2202	65.0509	61.0359	286.7913	171.3259	221.3631	96.2437	228.0416	320.0253	292.664	41.0547	234.6827	111.7428	220.5648	109.7846	245.1746	112.6926	109.8602	203.2674	96.0277	142.382	125.5519	160.5967	264.5893	105.7151	171.4299	79.3304	69.4147	55.3679	187.5721	215.234	72.6851	189.9013	98.9746	141.9594	225.9231	301.5054	74.8173	229.4537	110.8156	78.828	76.5466	164.1276	88.7164	273.4156	199.566	123.8824	79.3946	107.711	154.0641	89.4932	189.438	99.9275	108.1447	205.56	99.1493	204.7435	129.0949	211.3996	103.1619	173.8258	64.381	178.1401	159.3031	197.8512	120.1839	177.7863	82.1019	149.5759	151.3237	110.6056	242.1998	141.0975	157.0714	154.512	149.4263	121.6126	128.3664	135.3058	75.1712	67.0291	81.6226	75.1387	76.5269	77.3241	106.0033	60.2798	75.5864	74.8066	78.3332	153.2555	137.4597	158.7394	57.571	93.7734	117.3439	133.6359	121.8243	115.8925	133.3611	83.0967	90.332	81.8011	71.6997	77.8855	65.7909	61.4652	62.5427	70.2559	75.8046	60.3409	58.9888	64.9712	74.6966	73.9179	61.001	75.4662	58.0236	56.6856	74.8931	91.3606	99.1773	62.6722	137.5294	55.7532	81.662	67.7482	81.7605	74.4197	66.0996	94.4739	62.1793	61.5984	71.2822	76.487	65.5601	56.8847	96.7576	58.6467	63.0171	65.1281	57.8092	68.1951	64.2855	68.912	59.5536	51.9924	56.6032	77.4737	73.3616	60.0324	49.3282	75.306	64.1564	67.0044	71.7057	118.6433	71.1278	68.6077	79.6358	76.4563	75.6954	74.4648	83.2972	69.1565	68.3876	73.9072	56.6193	71.0694
GPI	ENSG00000105220.17	protein_coding	13.0591	22.4463	20.8426	69.5651	28.8758	32.8032	148.7928	23.9151	37.2755	69.1677	35.3063	30.613	52.9333	42.7127	33.9795	20.5868	24.4383	52.6822	32.6621	27.8807	69.0609	31.3624	56.2054	145.3329	83.6638	16.489	31.0765	72.126	24.9277	29.5495	24.0235	38.9636	31.632	66.7855	38.8921	15.812	23.502	13.0777	46.994	88.4481	44.422	42.3341	30.0316	24.1581	30.5253	47.6785	39.6969	40.2015	25.9722	17.4413	32.0081	53.7726	25.7669	26.0425	29.5425	25.5339	31.2727	65.1643	47.3055	53.6991	29.9933	23.8591	20.422	61.5447	49.7501	43.3266	24.6974	30.1513	31.235	35.4175	24.7714	34.1118	97.6084	40.0275	40.1256	51.2444	79.6354	46.9259	85.8456	29.1924	46.8874	22.9749	79.5699	37.8693	17.4315	29.4724	32.0013	42.5128	16.7424	15.9582	20.0516	18.2407	17.4671	21.4782	23.9929	15.427	14.9486	14.9398	23.1392	12.0492	11.7295	27.2643	11.198	15.6353	20.5427	14.7358	19.418	14.4349	9.8593	18.6206	19.2903	14.5129	16.3872	17.2463	13.1295	15.7942	13.4236	11.7148	15.931	13.3007	12.5327	14.4203	19.3517	15.2928	11.9334	11.3172	10.7576	12.1341	12.7157	23.0129	15.3677	11.0454	11.992	13.328	16.8795	11.024	17.2042	9.8465	12.0192	23.8811	10.1342	15.5851	13.789	17.2994	12.3085	10.627	20.2264	13.4108	10.5132	12.1218	10.9893	11.5378	11.8038	14.2179	12.0664	12.0431	11.2303	17.7733	15.1526	14.4385	10.8001	25.5235	12.8571	11.4421	14.265	15.0632	13.0562	16.1131	13.2691	13.8338	18.3904	14.8128	20.7801	11.8368	14.6794	16.2494	14.3022	14.0112
TGFB1	ENSG00000105329.11	protein_coding	9.9526	37.6111	35.2297	26.5736	25.2987	22.4997	16.2267	39.3147	32.6142	37.4177	37.3766	32.9877	35.6913	41.7024	12.7173	32.1728	39.0722	53.519	12.7708	9.4669	26.0917	31.3327	41.9224	10.86	62.2283	23.753	25.9272	14.1847	23.5511	42.5849	31.9173	22.976	37.2776	12.4233	20.517	14.0343	33.1579	23.1049	58.5628	19.2526	14.0207	19.7274	32.3795	28.6269	56.1659	104.2543	7.9738	60.7653	27.0576	17.2918	23.4339	17.335	34.7783	8.6963	41.6951	18.4575	15.8105	14.6969	43.9156	13.4242	28.4918	2.6228	30.2338	34.2727	32.3655	49.4733	33.1404	26.4804	28.0068	12.6832	39.005	37.7629	73.564	40.2636	38.3358	20.5227	33.9196	34.0264	49.4899	8.5603	61.2366	36.7332	44.2366	60.4766	12.4431	72.2828	30.8158	55.8655	49.5417	40.0311	48.8213	50.6421	48.7089	47.2812	64.8347	47.6387	53.0644	47.9934	57.5758	25.9404	21.4671	53.0645	31.2016	55.2187	64.5554	54.7393	36.6309	47.2189	22.8073	38.0259	45.3511	45.6217	36.5132	55.8998	41.0751	38.403	27.7843	32.4621	33.5296	34.7971	31.3118	40.4648	51.2965	42.4672	32.4166	35.0626	28.4964	41.1519	43.0771	36.778	31.7917	22.4264	24.3632	35.0124	58.5791	15.3966	50.7681	38.052	27.5648	61.2361	25.5199	26.1665	29.7462	39.8338	26.1865	25.2989	43.2025	35.9638	31.0163	29.1997	31.4939	26.8519	34.112	34.3767	26.9177	37.218	37.5638	28.4084	29.8469	29.3915	24.0807	66.3753	31.1365	24.2867	31.5372	27.9312	32.4501	39.7913	32.9878	37.9375	42.6392	47.4634	44.3452	38.5637	34.3072	38.0209	38.4971	44.1682
CD33	ENSG00000105383.15	protein_coding	0.8979	1.7535	4.0231	3.2697	1.9489	1.1516	0.4771	1.9159	3.4416	0.1818	0.817	2.4236	0.3857	1.2298	1.1289	4.0337	2.1003	1.8301	1.1129	0.1979	0.6197	0.8685	0.4206	0.3395	0.3085	1.5796	0.6724	0.0766	0.3828	1.7172	1.0674	1.0838	1.1928	0.7316	0.7549	0.1105	0.6558	1.2552	0.7444	0.7273	0.3109	0.636	1.701	1.4468	0.5772	0.5026	0.273	4.0083	2.3912	1.4486	0.9628	0.7417	1.6428	0.2816	1.4317	0.0737	0.9183	0.8043	0.8468	0.779	1.8227	0.069	0.2342	1.4404	2.2842	1.6607	0.8812	0.8509	0.796	0.2724	0.8137	0.9792	0.4985	0.1545	0.5614	0.1716	1.4675	0.5879	0.3146	0.435	0.3858	0.7183	2.2556	0.8972	0.1916	1.4121	1.4538	0.6936	4.2183	2.3607	3.6685	3.393	2.7919	2.6737	4.6425	3.5618	3.3678	2.8265	4.8543	3.7011	3.6519	4.8163	1.5794	5.5882	8.2991	3.6604	6.0947	3.7701	3.4947	2.6143	3.3591	3.2737	3.8696	2.9664	2.5414	3.7716	2.2338	1.854	1.8358	2.1721	2.6846	2.9995	3.7201	1.9462	1.0972	1.4319	2.1276	2.4122	1.9052	3.3765	3.1495	2.4112	3.3967	2.5403	3.0458	1.7882	3.1764	3.1339	1.3765	8.9398	1.2698	1.3061	3.554	2.6754	1.2473	1.3928	4.6308	2.3855	2.4583	3.1654	2.2197	2.3597	2.6242	3.3012	2.069	2.4761	2.0364	2.7525	2.674	3.3967	1.3346	4.0234	3.1079	2.5489	3.6602	3.3196	1.6388	2.8611	2.4378	3.3199	1.8435	2.9412	2.8004	1.5277	2.8248	3.4051	2.161	3.5701
CA9	ENSG00000107159.13	protein_coding	0.1444	1.7007	2.5644	38.7464	37.268	7.4697	4.5721	27.7933	156.366	0.5607	6.0716	0.702	127.1183	198.5979	162.3733	0.1765	7.2334	0.3914	0.0684	0.2829	19.4118	1.8728	30.6001	395.7068	20.8192	3.777	0.6045	64.3002	2.3584	1.1269	1.289	6.7121	53.0128	93.7613	7.8696	163.8366	1.095	20.8514	39.9342	1.5602	1.0442	0.2733	10.9105	2.6654	0.4422	86.2963	0.3832	3.7402	0.2495	0.6449	0.5911	30.3746	0.327	0.2341	16.152	14.7651	0.2942	10.6258	99.8915	0.4163	24.4228	0.3528	0.6654	5.878	3.6498	1.8541	5.1143	12.5942	62.5621	201.8385	6.0251	18.8986	1.1591	100.3399	1.2584	58.3786	0.5493	2.9345	3.4129	42.4889	73.9946	14.3418	28.4812	17.252	2.072	2.8167	4.588	37.051	0.1508	0.1438	0.0341	0.1392	0.0281	0.3486	0.0241	0.1638	0.3178	2.884	0.4857	1.7383	1.1353	0.2885	0.1288	0.203	0.1623	0.0859	0.0274	0.0264	0.0846	0.3345	0.335	0.1017	0.1308	0.1484	0.2183	0.023	0.0443	0.0472	0.1375	0.0441	0.0193	0.1322	1.2943	0.0618	0.0219	0.0166	0.245	0.221	0.1969	0.2839	0.0207	0.1372	0.4425	0.0274	0.0323	0.0433	0.0235	0.1252	0.1367	0.0826	0.3959	4.9494	0	0.0537	0.0956	0.1115	0.1238	0.048	0	0.0601	0	0.0825	0.0687	0.1492	0.0851	0.1596	0.2802	0.1332	0.0923	0.2049	0.4224	1.9476	0.2693	2.1693	0.0418	0.0562	0.2302	0.2155	0.0712	0.034	0	0.1607	0.1331	0.118	0.0516	0.1262	0.167	0.184
IL2	ENSG00000109471.5	protein_coding	0.2074	0.1472	0.5025	0	0.0537	0.0243	0.0335	0.0802	0.3898	0	0.0759	0.1044	0.0229	0.0302	0.0306	0.0406	0.0502	0.0352	0.0982	0.0135	0	0	0.0473	0.0191	0	0.2548	0	0	0.0359	0.0228	0.057	0	0.0309	0	0.1679	0.019	0.1773	0.116	0	0.0133	0	0.0231	0	0.0218	0	0	0	0.048	0.0827	0.1426	0	0	0.4503	0	0	0	0	0	0.0759	0.057	0.0724	0	0.1103	0.0604	0.2483	0.1591	0	0.0382	0.1022	0.0709	0	0.0634	0.0156	0	0.0815	0	0.2339	0	0	0.0242	0.0305	0	0.0269	0	0.1279	0.0925	0.0743	0	0.0578	0.0276	0.3183	0.08	0.1412	0.047	0.1732	0.0999	0.1044	0.0928	0.2181	0.0949	0.3108	0.0672	0.0925	0.1201	0.1666	0.2961	0.0788	0.3033	0.2606	0.0924	0	0.1217	0.2603	0.0674	0.0418	0.033	0	0.1017	0.0247	0.0317	0.0555	0.0271	0.0893	0.0888	0.0315	0.0953	0.0556	0.1112	0.1638	0	0.2982	0.169	0.0606	0.0394	0.0348	0.1866	0.0338	0.3856	0	0.1484	0.0474	0.0277	0.1713	0.0644	0.0687	0.0962	0	0.2071	0.3948	0.0288	0.0344	0.0395	0.0987	0.3002	0.2038	0.0382	0.0929	0.0765	0.0497	0.1559	0.0728	0.0805	0.031	0.1019	0.165	0.2421	0.1489	0.0885	0.0878	0.3581	0.0191	0.0533	0.0589	0.0848	0.3215	0.0518	0.0873	0.0661
IFNG	ENSG00000111537.5	protein_coding	0.0852	1.9861	1.5864	0.1017	0.0828	0.9414	0	0.2963	0.2573	0.0338	0.0351	0	0.074	0.7672	0.8011	0.1594	0.1547	0.6821	0.0681	0.1127	6.2528	0.014	0.2184	1.1285	0.0645	0.1884	0.4281	0.0756	0.0497	0.6112	0.2897	0.2459	0.0857	0.107	1.8106	0.0704	0.0614	0.0214	1.0723	0.5919	0.059	0.5123	0.2668	1.0256	2.0552	0.303	0.0299	0.1774	2.2933	0.8893	0.0826	0.4773	0.8865	0.8227	0.4755	0.0943	0.1562	1.694	0.7291	0.7897	2.0394	0	0.034	4.1747	4.2442	0.4777	0.1078	0.5998	0.2429	0.0328	1.1264	0.0293	0.3596	0.3326	0.2559	0	6.646	0.1587	0.0277	2.0792	1.142	0.0653	0.3983	0.0543	0.0169	3.3553	1.4758	0.8301	0.2937	0.2673	0.7014	0.7022	0.0932	0.0289	0.032	0.2769	0.3015	0.443	1.0077	0.5259	0.8973	0.2071	0.5129	0.0317	0.2617	0.3421	0.5825	0.0701	0.4816	0.1025	0.1448	0.6299	0.2672	0.4253	0.1739	0.061	0	0.1566	0.0228	0.205	0.4099	0.1254	0.165	0.2189	0.553	0.044	0.274	0.7044	1.3763	0	0.0551	0	0.9513	0.1822	0.761	0.0862	0.3746	1.4726	0.0518	0.192	0.6572	0.3836	0.4431	0.0595	0.1586	0.1185	0.2301	0.0638	1.0032	0.0798	0.8889	0.146	0.4255	0.9115	0.9417	0.1765	1.7461	0.4951	0.5057	0.4322	0.4038	0.4837	0.7295	0.3201	0	4.0263	0.4586	0.327	0.3784	0.5565	0.1943	0.591	0.1768	0.2741	0.3656	0.4068	0.7054	0.5295
IL17A	ENSG00000112115.7	protein_coding	0.0345	0	0.2254	0	0	0	0	0.012	0.0111	0	0	0	0	0.0361	0	0.0061	0	0	0	0	0.1187	0	0.0212	0.0799	0	0.1219	0.0346	0	0.0107	0	0	0	0.0185	0	0.1172	0.0114	0	0.0416	0	0.0958	0	0	0	0.1041	0.133	0	0	0	0.4783	0.0853	0	0.0172	0	0.0118	0.022	0	0	0	0.0182	0.0341	0	0	0	0.0271	0.0742	0	0	0.0685	0.0175	0.0212	0.0187	0	0.0093	0.0269	0.0097	0	0.3497	0	0	0	0.0183	0.0106	0.0161	0	0.0109	0	0.0111	0	0	0.0412	0	0	0	0	0	0.0085	0.0156	0	0.3861	0	0	0	0.0184	0	0	0	0	0	0	0.1659	0.0067	0	0	0	0	0	0	0.0203	0	0	0	0	0	0	0	0.0142	0	0	0	0	0	0	0	0	0	0	0	0.1076	0.0336	0	0.0284	0	0.041	0.0077	0	0	0	0	0	0	0	0.0236	0	0.0513	0	0	0	0.0916	0.0198	0.0311	0.0073	0.3492	0.0093	0	0	0	0	0	0	0	0	0	0.0264	0	0	0.0155	0	0
IL17F	ENSG00000112116.10	protein_coding	0	0	0.0227	0.0299	0	0	0	0.0218	0.0202	0	0	0	0	0.0164	0	0.011	0	0	0	0	0	0	0	0.1037	0	0.0554	0	0	0	0	0	0	0	0	0	0	0	0	0	0.029	0	0	0	0	0	0	0	0	0.03	0	0	0.0312	0.0213	0	0	0	0	0.0273	0.1978	0	0.1179	0	0	0.0164	0.0337	0	0	0	0.0159	0	0	0.0344	0	0.0326	0	0	0.0635	0.017	0	0	0.0166	0	0	0	0	0	0	0	0	0	0	0	0	0.017	0	0	0	0.0168	0.0474	0	0	0	0	0	0	0.0536	0	0	0	0.0402	0	0	0	0	0.0227	0	0.0346	0.0368	0	0	0	0.059	0	0	0	0	0.0201	0.0173	0	0	0	0	0.0329	0	0.063	0	0	0.1396	0	0	0	0	0	0	0.0373	0	0	0.0375	0	0	0	0	0	0.0466	0	0.083	0	0.0416	0.036	0	0.0132	0.1312	0	0	0	0.0292	0	0.016	0.0159	0	0.0208	0.0579	0	0	0	0	0	0.0239
VEGFA	ENSG00000112715.25	protein_coding	4.9624	9.2032	4.9241	65.3006	28.2117	36.0018	16.2727	55.2862	35.6268	10.4099	15.4634	12.8722	12.4993	10.1545	12.5566	18.5964	10.8932	27.5652	25.1034	6.9375	7.7527	8.6136	6.5306	10.176	12.2367	3.6159	11.8631	19.85	16.7687	48.0884	26.4853	8.9801	10.7209	8.3766	5.7779	11.7891	15.4616	3.78	27.0808	18.3289	5.5131	11.1575	5.023	8.1707	62.6161	16.8395	10.7382	25.7277	7.8412	19.1351	5.7007	13.4625	9.8824	24.4315	31.2087	17.7391	8.2992	7.8518	23.5684	12.4975	11.7327	13.0331	4.6653	33.6188	30.6774	8.6738	27.0611	14.4449	9.4209	13.4908	14.3554	5.9833	7.0465	50.9923	7.7133	37.6877	3.149	13.0767	20.8335	5.3573	13.0945	18.5477	10.4191	25.5681	12.7023	4.6468	15.2604	8.3394	14.5371	22.1602	10.7804	18.6846	19.2652	12.2745	10.8871	18.5866	12.5627	17.2282	14.0406	9.9789	9.3946	9.9619	15.1688	8.583	8.2287	6.6344	5.5907	11.0504	21.9315	14.0888	9.589	15.0023	12.9753	14.5349	23.1011	12.2213	20.3523	22.9574	15.7686	17.5001	18.6276	17.2943	10.7034	19.4905	24.5213	21.7007	16.193	19.9061	7.3051	11.0006	12.3744	12.0497	11.5163	15.0218	30.4565	21.5744	10.0313	17.1195	20.8705	9.9418	22.853	8.7488	17.812	10.8638	23.6089	19.2866	11.9013	19.8553	20.6555	21.1282	25.4137	17.8525	18.2008	15.0884	27.631	18.7974	20.3625	14.8838	35.3445	11.9885	20.1408	9.2518	20.5428	22.5287	16.2294	7.2247	16.421	13.2158	23.58	9.5463	14.3009	18.1382	19.3638	32.8669	23.551	20.4104	16.2323	20.2721
IL12B	ENSG00000113302.5	protein_coding	0.5728	0.7526	0.7136	0.0977	0.0085	0.1091	0.2063	0.351	0.2372	0.0087	0.3053	0.0988	0.0217	0.2429	0.0241	0.2593	0.0872	0.416	0.0814	0.0449	0.2976	0.0576	0.056	0.1355	0	0.4945	0.5208	0.0258	0.017	0.0216	0.1079	0.063	0.0439	0.0411	0.3312	0.027	0.1888	0.1537	0.1373	0.0442	0.0907	0.2187	0.2313	0.1751	0.1955	0.0747	0.1073	0.0227	0.3785	0.2868	0	0.0136	0.8527	0.0281	0.0087	0	0.1	0.0357	0.0287	0.2899	0.4795	0.6108	0.0174	0.7009	0.4407	0.2071	0.2945	0.1807	0.2627	0.0504	0.2663	0.33	0	0.0639	0.0925	0.0289	0.6643	0.0296	0.1207	0.3722	0.0289	0.1422	0.0383	0.0139	0.0951	0.1752	0.3253	0.1562	0.1231	0.1109	0.4057	0.0947	0.105	0.0889	0.0574	0.1047	0.1359	0.1391	0.2436	0.0748	0.1471	0.1061	0.27	0.1381	0.2366	0.1402	0.1119	0.1436	0.4194	0.1575	0.1378	0.1152	0.2875	0.1594	0.1683	0.1563	0.0602	0.0642	0.0468	0.09	0.0656	0.1285	0.4578	0.1121	0.2087	0.0789	0.114	0.1504	0.2186	0.1931	0.0423	0.0933	0.1577	0.1307	0.1812	0.1767	0.2879	0.2068	0.093	0.281	0.0224	0.1572	0.2432	0.134	0.1625	0.1366	0.2189	0.4575	0.3426	0.2453	0.1951	0.1683	0.218	0.4466	0.0965	0.1628	0.132	0.3261	0.2119	0.2378	0.1034	0.2192	0.1246	0.1736	0.2627	0.1528	0.1096	0.1954	0.3531	0.4546	0.0543	0.2859	0.202	0.0903	0.2458	0.1716	0.1652	0.2295
CD86	ENSG00000114013.16	protein_coding	3.9622	10.6214	19.5844	14.2709	9.1844	11.3805	3.1704	9.0526	16.4925	1.3951	2.9147	6.8521	1.3111	8.2912	8.0027	16.6012	11.0352	14.1798	5.1246	1.8131	5.3974	3.8116	3.5983	2.6218	2.5407	7.6491	5.9576	1.1891	1.7339	15.6835	4.3606	5.999	6.5427	2.5499	8.038	1.2398	5.3251	4.1755	10.0406	3.1631	2.1204	6.0242	11.4742	7.4678	5.2139	2.8706	0.9176	23.1546	17.1394	8.7968	6.8626	7.736	12.9089	3.2596	9.4414	0.6932	7.4041	7.416	9.4753	8.0786	12.4392	0.3601	2.8377	13.696	16.5403	7.1595	2.9877	10.7899	5.2643	1.4089	7.6221	4.0237	3.9935	2.6175	4.0363	0.7858	15.7444	6.0407	1.4942	3.6393	3.4325	5.933	1.5965	9.1526	4.1927	18.4262	16.7486	6.7809	15.1229	4.5569	10.8496	10.7423	6.9553	7.6297	16.6435	14.927	12.763	11.1012	12.529	11.8798	15.4417	18.7922	6.3198	13.7481	23.2033	18.6564	31.8625	16.5643	11.6583	11.6179	12.3646	12.6544	7.2872	8.3476	6.7804	10.5766	9.4339	8.8191	11.2865	6.5617	6.4003	8.2371	13.7191	13.6778	8.7884	7.6537	7.0054	6.9185	7.1236	11.4209	11.1155	7.1909	11.2875	6.5473	14.5855	4.668	13.3759	12.252	7.307	23.6597	10.8365	6.0187	15.4349	7.5171	6.572	5.1349	12.7068	10.9687	14.4705	11.0713	7.4492	8.7059	9.5739	15.1642	7.6449	10.0025	10.0453	13.5453	13.465	15.2617	5.0235	15.1817	11.2794	9.8041	6.8953	15.8241	5.9135	7.7824	11.9234	16.3976	8.6188	13.0139	6.5261	7.5742	11.9952	17.75	10.2832	13.0728
STAT1	ENSG00000115415.20	protein_coding	20.9491	61.7809	48.9276	27.4371	20.4384	82.704	13.2091	48.6782	26.2564	8.3771	17.9961	12.8495	16.6122	49.945	84.2101	32.1023	41.0926	45.8209	26.4822	59.0603	75.4991	17.026	24.5534	39.2999	16.4979	27.7669	31.6231	12.637	29.4348	45.7555	45.8181	23.8658	49.6136	54.195	123.841	20.7827	36.8981	14.6145	93.734	20.6197	49.4664	47.9228	44.7121	85.6827	63.8184	69.9988	14.3102	53.3667	86.8607	59.8145	32.5445	39.2444	69.4597	49.2946	17.3289	29.8948	22.4885	79.0835	65.3317	115.31	82.0793	11.048	41.1733	141.8161	102.2524	28.3699	21.9652	63.055	22.4188	14.8	63.9985	18.0747	53.4943	24.1438	51.2295	24.1711	93.6598	18.8304	19.3286	57.8746	78.9108	17.4565	13.1802	32.7183	24.9381	111.5558	55.4848	47.4595	24.9987	22.9796	28.7283	27.1428	28.8674	17.1065	16.327	23.4935	32.5758	30.6437	28.0683	28.8272	41.3758	33.1664	32.2943	19.843	17.2203	24.9553	55.7334	21.2636	19.3941	18.1187	32.1077	34.8273	20.429	32.4197	21.8435	16.7964	18.3679	21.8493	18.973	37.4777	24.0306	22.7964	16.6124	14.6861	29.0443	17.5326	21.7447	32.8479	44.7913	19.2916	16.7069	19.0405	34.5654	21.1722	23.9574	22.5734	28.9258	31.1367	25.1142	21.9506	28.0482	28.5868	23.273	20.9744	15.59	17.0765	21.2872	16.3204	53.8714	21.3505	26.8824	18.7423	32.4634	63.8831	27.5199	19.3402	41.7606	32.2161	27.1431	24.4598	19.5062	28.8947	21.3168	20.1503	15.8548	70.803	31.771	34.3378	29.2445	30.0116	20.1515	34.7229	20.1635	22.3745	18.0319	38.6168	21.303	25.4227
EPAS1	ENSG00000116016.14	protein_coding	79.0247	37.0011	29.7531	39.0527	31.1509	44.0467	14.472	42.9894	34.6055	19.3367	30.9268	26.3054	41.227	70.0799	43.0662	129.2575	50.5971	58.514	57.5863	230.2327	15.619	69.3853	81.5706	5.7052	14.7111	38.5219	73.4724	16.871	63.9419	35.5099	74.2945	66.3599	69.4768	22.569	62.2842	67.5972	90.8395	37.8253	47.189	105.713	76.8887	83.4647	80.9233	62.5647	49.147	44.1894	89.0926	49.7662	167.8341	103.7417	55.8228	59.9255	69.4927	43.225	28.6785	21.0714	74.8278	13.5713	28.6305	101.8916	60.4103	46.2312	90.7031	45.8598	32.9699	30.9852	57.3573	42.4024	86.2638	31.8739	42.6802	55.3855	31.0239	38.2853	48.4356	38.5013	29.5622	35.1205	28.1011	6.077	79.3971	120.8491	7.8611	46.4342	65.3067	72.432	56.8065	41.2399	222.5929	415.757	196.5809	209.9211	443.8187	221.7666	237.5299	551.2934	549.8564	327.947	193.1244	359.8441	145.6385	261.1198	550.3671	359.9296	299.4789	218.9847	126.4492	522.0676	426.0412	240.2634	262.89	589.5539	352.3009	546.0161	688.2715	331.149	745.5251	474.0721	484.5722	368.4926	497.0603	478.4332	147.559	352.3812	264.3405	538.8003	296.0506	713.5554	712.7603	118.4743	184.9932	653.1338	225.9483	579.2125	494.6513	515.8377	352.8975	675.8238	463.1832	161.0434	573.5237	89.1045	328.8364	230.1448	263.2393	693.9075	133.1186	212.4538	388.8929	227.1907	606.064	250.8208	379.5965	146.9713	352.9648	357.7871	398.0069	154.6807	175.7845	291.3098	568.2395	319.6605	305.4427	410.5921	260.7389	236.3186	478.0848	305.0716	374.1968	134.1832	552.8693	203.0999	204.1693	521.6114	358.7325	288.3201	404.7998	377.7703
SLC2A1	ENSG00000117394.24	protein_coding	7.5048	14.9993	7.7471	103.5647	37.9546	70.0913	153.1843	18.944	56.1302	153.5836	27.5524	6.1151	113.6484	116.4213	43.0396	5.3296	16.7108	47.8275	40.7141	164.2004	96.8237	39.6611	201.7887	18.1606	310.6671	7.2298	303.1723	88.8344	11.3645	89.8738	16.6816	75.24	127.3421	95.5562	24.2425	31.1151	12.625	6.4545	88.2629	146.157	26.9476	83.535	15.2541	25.2024	30.2122	263.978	6.4726	35.2812	12.3171	5.5603	9.1065	11.5067	7.268	83.6493	228.2781	42.3216	7.7095	19.4685	15.2774	28.6779	17.911	1.4503	46.304	31.2502	10.5905	40.4001	20.7296	59.0355	8.0091	73.1296	24.9337	13.3282	110.0542	90.1435	104.6148	191.7975	51.1874	428.6936	277.4071	22.8028	393.8379	141.7686	155.8416	318.0527	114.9173	5.6152	126.4992	120.3252	5.033	2.6244	6.4707	1.7424	1.4164	1.2236	4.2731	6.0575	4.1154	4.929	4.8857	4.5151	2.3856	2.8343	2.3268	2.9001	6.4094	1.9498	4.3993	7.2095	1.6902	3.1031	2.6444	1.9339	2.5368	3.2648	1.6874	1.7315	1.3938	1.2733	3.9811	2.8201	1.4448	1.162	2.9353	1.9285	1.0445	2.4299	2.8471	2.12	3.0744	3.3033	1.4075	1.8922	2.3719	7.9722	5.8563	1.1892	3.1782	1.8918	3.3652	2.5464	1.7888	5.3376	2.0979	1.3086	2.0851	2.4135	2.1489	1.6352	2.0205	1.4663	1.3368	1.1561	4.3686	1.6254	1.4967	1.4158	1.8711	2.3895	1.6104	3.8511	4.4426	9.2007	1.3724	1.7546	1.4922	2.5711	2.4656	2.9913	2.3631	6.1663	8.1492	3.1469	3.9267	6.5134	1.9955	6.1916	3.7642	3.1879
ARG1	ENSG00000118520.15	protein_coding	0.1046	0.0445	0.0528	0.1596	0.0361	0.0673	0.0507	0.3335	0.1591	0.3047	0.0765	0.1579	0.0346	1.3017	0.072	0.1023	0.0844	0.1064	0.1114	0.0478	0.0584	0.0537	0.1609	0.0962	0.0422	0.1285	0.0584	0.0687	0.009	0.0805	0.1581	0.0503	0.0312	0.0827	0.0565	0.1632	0.2012	0.117	0.0146	2.2141	0.2737	0.0233	0.0896	0.0329	0.016	0.049	0.0653	0.0242	0.2086	0.0719	0.0451	0.1158	0.079	0.0798	0.1019	0.1691	0.0639	0.0633	0.0536	0.0359	0.0365	0.093	0.0742	4.008	0.0157	0.0602	0	0.0385	0.081	0.0715	0.0473	0.0959	0.1962	0.0529	0.0822	0.0231	0.0295	0.9215	0.0151	0.0488	0.0154	0.1337	0.0408	0.0445	0.0368	0.07	0.0375	0.2866	0.1311	0.0973	0.0864	0.0403	0.234	0.3079	0.6989	0.1619	1.2898	0.1014	0.2024	0.0957	0.1175	0.6781	0.3576	0.3548	0.3948	0.1618	0.457	0.3824	0.1928	0.1492	0.2033	0.1964	0.124	0.1472	0.1687	0.1332	0.0962	0.2223	0.4981	0.0799	0.1119	0.0958	0.1876	0.8958	0.1906	3.4591	0.2243	0.1201	0.0976	0.2057	0.1053	0.1563	0.1069	0.1193	0.3685	0.2039	0.0682	0.2981	0.3961	0.1048	0.263	0.1675	0.2073	0.1363	0.2251	0.2102	0.1256	0.1915	0.4148	0.3049	0.1039	0.2191	0.2488	0.2812	0.185	0.2698	0.125	0.2316	0.2007	0.1136	0.1714	0.2132	0.2186	0.1336	0.2647	0.1221	0.1418	0.119	0.295	0.1478	3.4218	0.1523	0.0965	0.8868	2.2071	0.1829	0.088	0.1556
CD274	ENSG00000120217.14	protein_coding	1.1615	2.5585	3.8782	12.6706	5.6546	9.5217	4.7618	9.6128	8.1963	2.7884	0.6717	1.4498	1.1873	5.7404	32.2944	5.3779	1.6915	5.8409	6.4548	4.4401	4.6194	1.1389	0.8082	14.0088	1.08	2.1656	1.1199	0.4009	0.8939	16.8681	1.863	1.2503	4.2698	1.9048	7.5409	0.8713	0.9116	1.6109	18.4685	3.1845	0.9566	4.3166	2.7947	27.547	12.5588	5.4054	0.8647	5.9934	9.6601	3.01	2.6547	2.2904	5.1362	7.2006	2.2326	1.43	1.186	4.9802	3.4595	3.6821	4.297	0.3013	0.6511	22.9754	14.7262	3.6395	2.8386	3.0161	1.4522	1.3044	4.6572	2.158	14.798	1.3074	1.1449	0.441	4.4281	3.5608	0.5107	2.1716	1.6666	2.6288	1.989	2.3738	2.0848	7.3019	10.2593	1.7979	7.206	7.0998	4.2953	5.142	10.7758	2.5201	14.0004	7.4424	7.0099	5.2273	10.1783	6.0205	2.9521	4.3679	16.0347	5.6507	9.1485	7.1054	14.37	6.1135	13.9709	3.6262	5.2091	8.893	8.011	8.354	5.6444	3.9119	8.4734	3.9155	12.1333	4.8425	7.311	8.7255	3.0479	9.8469	6.186	35.2032	3.0896	6.9478	6.8932	2.4222	4.922	10.9047	6.755	5.7142	31.2757	8.565	4.0954	17.8128	7.8405	4.8194	16.583	2.0956	6.8674	5.3813	3.114	8.5399	5.5628	3.9209	10.3056	4.3452	7.4958	6.2617	4.6502	9.2409	7.8176	5.0066	6.1178	6.808	3.8712	7.2621	6.3392	9.68	2.9854	3.9182	2.9989	5.6342	3.8841	8.849	4.9042	4.8908	18.2229	8.5848	3.8165	34.548	6.1967	6.9915	3.6957	6.1951
TGFBI	ENSG00000120708.17	protein_coding	15.2557	28.059	39.7659	142.3548	345.9814	255.2803	32.693	32.2794	654.7708	31.6898	29.2415	46.3824	51.9603	53.4279	85.708	103.6243	133.262	103.2636	89.3092	5.6153	33.0283	29.3293	19.6067	14.6545	204.2035	31.422	45.4604	16.1412	8.1385	370.5282	28.5079	68.2284	36.5103	99.6424	26.4518	12.6892	25.5874	14.4469	161.4374	26.6549	9.6106	31.4933	95.0074	190.4288	136.3023	171.295	8.2953	121.4234	19.2418	22.8252	47.3478	32.1578	40.0639	29.0525	54.6811	96.6633	13.0251	16.1178	38.8391	17.9344	35.9588	1.4234	45.7756	116.536	55.6081	143.6174	39.2604	61.305	12.3732	21.1701	31.8169	18.7661	51.0815	54.2002	72.1081	35.8797	44.8801	206.72	213.9517	8.0255	38.6067	32.1064	22.2618	155.4576	10.3882	106.9683	40.3971	18.4076	31.1695	23.3639	21.8283	30.6261	27.1866	30.0631	65.9982	24.3036	34.0893	30.1834	34.8233	36.5513	42.4811	86.724	18.0708	32.8026	54.5124	48.9105	79.9468	28.9764	22.7372	33.2501	44.9631	29.4157	17.2678	28.2371	18.4011	37.5509	15.1416	30.4936	23.7091	17.7873	19.954	24.2713	35.2697	29.7507	24.0787	17.7071	25.522	17.8225	18.4424	43.1262	27.0966	17.0634	23.4546	16.0154	27.6211	16.1947	30.8401	18.7037	16.3737	49.2829	14.1353	29.4303	34.7494	18.6454	15.9045	15.2605	30.0973	22.0887	22.5356	23.0056	18.2425	17.2107	20.3806	35.4608	17.3733	16.246	26.0354	27.0672	28.1097	21.9969	12.3575	43.8427	22.5142	21.821	18.696	26.3071	10.048	21.5601	25.3391	19.4971	15.4295	31.9148	36.8874	15.6689	25.1382	37.815	29.738	30.3358
CD80	ENSG00000121594.12	protein_coding	0.4857	0.9537	2.0782	0.8625	1.5844	1.9769	0.3561	1.3156	2.1528	0.1531	0.1057	0.836	0.0956	0.8622	1.2042	1.3391	0.752	2.7301	0.65	0.4247	0.6569	0.3336	0.2841	0.4253	0.2334	0.9762	0.242	0.0759	0.1499	1.4537	0.3374	0.417	0.4738	0.2587	0.5167	0.1326	0.5094	0.3312	0.8588	0.4508	0.0778	0.4183	1.1292	0.7958	0.8189	0.6556	0.1015	1.4373	1.8248	1.2911	0.4359	0.7296	1.2547	0.4686	0.5312	0.0559	0.7655	0.8484	0.8561	0.9525	1.0585	0.1124	0.2177	2.105	1.4375	0.8586	0.3521	1.0106	0.4273	0.1359	0.7947	0.2869	0.3741	0.2455	0.5163	0.0692	0.7535	0.5494	0.141	0.4635	0.2763	0.3878	0.0845	1.2181	0.2227	1.7802	0.8473	0.3448	1.4441	0.7149	1.39	0.7452	1.0047	0.8341	0.8145	1.1776	1.1589	0.8725	2.3457	0.9911	0.7305	0.9835	0.7249	0.7291	0.9109	1.358	1.7563	0.6338	2.8198	1.0174	1.6299	1.2082	0.9568	0.9461	0.8666	0.5634	1.8167	0.673	1.2985	0.7063	0.8208	1.0116	0.6892	0.8867	0.8666	1.0535	0.7165	1.0399	0.9752	0.7198	0.6542	0.4611	1.2127	0.4257	1.7614	0.6391	0.9531	0.9131	1.2897	1.6232	1.4531	0.2988	1.5986	0.7754	0.8967	0.7815	0.8797	0.7093	1.6614	0.5917	0.8854	0.6053	0.9165	1.5385	0.5537	1.4373	0.7121	1.5729	0.9414	1.2066	0.7737	1.2131	1.0028	0.7309	0.4963	1.0679	0.4839	1.0682	1.2429	2.0806	1.0718	3.0689	0.8509	0.9445	0.9904	1.2899	0.7141	1.4506
KIR2DL1	ENSG00000125498.20	protein_coding	0.0229	0.37	0	0	0.0118	0.0722	0	0.0331	0.0737	0	0	0	0.0151	0	0.0135	0.3086	0.0111	0.1162	0	0.0179	0.0109	0.1006	0.086	0	0.0369	0	0.0766	0	0.0119	0.0151	0.0565	0	0.0409	0.0064	0.4628	0.0378	0.0293	0.0767	0.0767	0.5296	0	0.1528	0.0587	0.0864	0.1051	0.0161	0	0.0317	0.1641	0.1179	0.0148	0.93	0.0129	0.0785	0.0486	0.0096	0.0839	0.1163	0.01	0.0094	0.1675	0	0.0243	0.2698	0.2052	0	0.0257	0	0.0097	0	0.5995	0.021	0.0103	0	0.0539	0	0.0193	0.0103	0	0.016	0.0202	0	0.0178	0	0.0121	0.1071	0	0.1334	0.2675	0.0547	0.0324	0.0397	0.1868	0.1449	0.3552	0.1887	0.2417	0.9	0.075	0.3346	0.1541	0.2668	0.1428	0.0567	0.628	0.2122	0.7817	0.0752	0.4481	0.2079	0.4517	0.8695	0.3729	0.4751	0.3042	0.4585	0.2524	0.3587	0.1143	0.3144	0.5134	0.0359	0.1771	0.3916	0.1666	0.3623	0.3677	0.3361	0.4827	0	0.0789	0.1491	0.2403	0.4955	0.1074	0.1645	0.2234	0.17	0.2412	0.0785	0.0627	0.1098	0.3398	0.1787	0.0454	0.1696	0.1882	0.0457	0.3699	0.0762	0.2272	0.0784	0.087	0.7942	0	0.1516	0.2458	0.0759	0.0877	0.3666	0.1044	0.1465	0.3788	0.2425	0.0893	0.0889	0.7111	0.0975	0.1644	0.366	0.7458	0.235	0.2433	0.4204	0.4742	0.2055	0.5193	0.5247
IL1B	ENSG00000125538.12	protein_coding	1.62	1.949	5.1312	35.4616	3.5702	55.9575	2.9669	17.7889	4.8045	1.7843	0.79	1.3972	33.9467	4.856	4.8512	2.426	1.2076	3.5818	0.4201	0.4938	4.1531	1.6511	1.3495	0.5181	5.4876	2.9092	0.5384	0.7704	0.3734	10.3482	0.9644	3.5004	6.1857	0.6708	0.6974	3.6537	0.4121	2.4407	3.8948	5.0176	1.3654	2.6459	1.3544	1.8047	2.8596	3.8886	0.1807	6.3443	13.8139	4.507	1.2635	4.4182	3.5097	4.4517	12.0623	0.3254	2.2637	3.9786	4.7062	1.6739	8.0462	0.2399	0.5334	4.2145	5.2166	11.6826	1.851	2.8824	1.7056	4.9862	8.1366	1.3788	2.0376	21.9271	1.4116	20.5407	2.4682	19.7821	0.937	1.1427	2.542	9.6296	4.8897	22.472	5.8284	31.7986	3.1701	2.4068	17.6286	4.7696	6.5106	3.7926	14.5689	2.9224	13.0325	13.7076	6.3623	5.5954	10.5574	3.9862	0.939	25.0699	16.2033	7.2041	20.581	4.6622	4.2636	3.2145	18.2788	5.3357	4.2886	8.6101	4.1135	5.999	3.0715	6.9245	4.5303	3.341	7.1346	2.1566	16.9517	8.8434	4.4322	7.7511	7.0281	16.5901	2.047	3.9336	5.9157	2.4574	3.748	3.9602	2.0494	3.4314	26.7029	3.2385	4.6238	26.5938	11.1528	11.6358	15.8161	3.9211	6.9553	4.0682	2.7193	4.0175	6.4831	4.6727	7.1939	9.3802	6.8479	5.5964	2.6055	6.1087	3.1382	3.7089	3.5598	4.4124	4.1627	9.7985	6.8893	20.5384	9.2109	5.1599	8.1272	4.6213	9.0246	5.621	3.6985	5.8478	20.3649	6.8511	4.6357	39.9171	9.1312	11.9337	10.1398	6.7286
CHI3L1	ENSG00000133048.13	protein_coding	29.0247	33.6334	63.9823	747.1893	931.3761	36.604	29.7804	46.0655	155.479	8.2382	26.0144	6.6788	30.0726	103.176	291.5977	89.7881	5.2631	308.7371	13.8982	1.8395	25.9347	49.4073	118.2614	16.0137	3.0844	15.9485	62.91	4.2716	27.4102	56.8665	49.771	103.0541	29.1746	8.6941	54.5327	10.7322	17.3741	13.4116	9.7016	35.4046	39.3367	18.109	29.6381	55.9739	107.4178	2.0164	7.7175	94.8239	36.5746	9.0971	33.3278	10.0643	38.3085	9.8887	46.4173	6.9919	430.0829	82.9867	68.9578	39.6512	93.6015	0.9354	5.5433	9.0249	13.9819	70.0473	11.4117	39.6629	30.4775	44.4713	36.9936	6.5795	15.4192	10.8651	18.4844	46.7443	195.4642	43.5583	5.8189	15.1795	25.521	108.5433	5.4688	49.0342	15.5412	14.0833	36.6195	32.1311	107.2907	13.5682	111.6737	56.2042	48.9196	80.5902	40.1408	38.935	17.9896	11.8394	31.8013	11.8993	8.8924	62.8409	31.6118	13.611	15.7705	11.7998	22.063	43.6339	13.1694	10.3355	35.3134	11.2722	34.9524	24.5703	10.8188	6.5032	22.278	4.1964	14.3858	36.8094	14.9921	21.1181	27.4479	22.4211	3.3852	21.9605	5.3897	10.4528	12.2959	31.9584	10.4473	15.7201	18.6287	25.6634	18.9901	23.6465	20.7976	10.2208	12.0325	37.4163	16.4704	8.2137	13.9167	24.6193	5.0374	9.0878	131.2967	10.5209	41.8162	16.2395	8.4019	16.4149	7.7926	99.6518	16.8471	24.3105	14.2039	34.3601	9.5789	34.4517	9.3956	106.4802	5.6247	6.7183	20.6022	9.5315	11.8945	24.2338	13.816	23.686	49.6456	49.8376	41.2817	19.7612	22.9551	10.1432	11.3369	40.4481
LDHA	ENSG00000134333.14	protein_coding	149.7846	100.7525	124.0172	208.9437	235.275	344.5501	256.4533	207.7777	399.2092	144.339	150.5386	157.5838	183.4846	201.5835	316.9908	93.6959	217.8008	150.7141	217.7157	101.9101	137.449	109.4767	175.2956	124.5041	270.2723	109.3101	96.092	127.0308	99.9782	202.6604	164.3989	254.6866	171.4389	78.8458	241.8184	57.3478	79.8671	24.4814	214.0925	306.4729	219.7397	118.2649	148.6962	169.9026	250.533	900.5843	118.6994	235.4431	114.3866	91.9955	121.9393	180.3604	62.1197	84.7389	160.255	112.7974	158.9337	94.5789	232.2511	194.6144	164.6144	54.672	266.5147	207.1687	129.6673	289.2475	301.3829	232.8135	147.0131	205.8193	139.087	272.9721	97.1745	429.8515	157.385	227.8492	268.0253	170.9978	148.258	126.7604	246.425	150.0909	203.28	141.1097	108.0736	220.6615	165.4437	187.6973	52.8927	41.9547	62.113	55.8154	63.0513	75.8969	99.1987	58.004	56.6694	57.4421	67.3769	93.202	98.3726	164.0383	55.878	59.5027	70.9613	98.363	85.8662	92.8484	92.914	62.1542	66.4404	48.2096	59.0349	45.6881	39.398	63.7783	67.4583	48.0456	108.1249	54.881	45.7281	50.5001	65.9986	85.9069	46.6402	98.1954	36.1052	45.9131	55.5331	79.0667	80.4474	43.0473	69.5265	57.6283	109.5406	49.454	58.2442	61.5053	64.0124	53.2384	68.1513	50.3692	50.9637	50.52	45.7185	49.1135	79.5903	50.6725	45.5444	54.9475	42.4858	57.1177	52.3151	56.3776	41.6284	44.4661	38.9531	81.7712	63.8744	50.2687	36.3459	81.9149	51.238	55.6831	58.6558	107.1281	70.535	55.1899	49.4234	52.5887	104.3811	55.6447	100.0827	87.0423	54.5875	48.2823	42.4015	47.5892
IL2RA	ENSG00000134460.18	protein_coding	0.9114	4.8648	6.286	10.5341	5.2357	19.5429	0.9988	8.8633	4.3042	0.8482	0.4928	1.179	0.8595	7.0689	5.0584	5.1634	3.3328	5.659	4.1196	0.8343	2.6355	0.6742	1.0817	0.7545	0.8832	3.1306	2.0444	0.3156	0.5824	4.8185	2.165	2.9214	4.1389	1.0869	5.8107	0.1667	2.3035	1.2773	3.3267	1.3984	0.4148	2.4727	6.2909	3.78	2.8717	2.1643	0.6679	10.0093	9.3151	8.5271	1.7487	2.1721	4.6176	1.1009	4.7491	0.1359	2.3519	4.5182	4.3113	3.2305	5.7531	0.1041	1.1841	9.4358	4.6631	1.9991	1.1861	2.34	2.0049	0.9317	3.487	1.2261	1.5783	0.7922	0.8512	0.4314	3.9224	2.2231	0.3304	1.1378	1.4479	5.9555	0.5479	5.2628	0.6139	7.6363	5.9848	2.8635	0.812	0.2607	3.0428	0.9262	2.2676	1.3706	2.7692	1.0779	1.3637	0.7643	2.0008	0.7591	0.3072	1.5001	0.5225	0.6639	2.1126	0.8782	10.4152	0.7709	0.7999	0.4439	0.7811	0.416	0.6738	1.1921	0.3543	0.5408	0.521	0.5171	1.862	0.4922	0.2819	0.6057	1.7776	1.7811	0.5249	1.6145	0.5705	0.4844	0.6689	0.5299	0.6232	0.915	0.5559	0.4789	1.5857	0.4743	1.3646	0.9365	0.6814	0.2599	0.8169	0.6565	1.7704	0.9196	0.1842	0.5885	1.0149	0.7312	1.496	0.6018	0.5143	0.7028	0.6875	1.4415	0.9672	0.7771	0.7524	1.4485	0.3372	0.7779	0.3497	3.446	0.4766	0.4891	0.322	0.4102	0.1729	1.3577	0.4709	7.7376	1.4468	1.5906	1.8455	4.0154	1.5155	1.1192	1.3553	1.0146
IL10	ENSG00000136634.7	protein_coding	0.2437	0.6898	1.5261	0.1746	0.4196	0.1697	0.3054	0.2934	0.9362	0.0834	0.037	0.0906	0.1117	0.4372	0.9193	1.4558	0.3322	0.3546	0.1438	0.2249	0.2692	0.1435	0.1154	0.118	0.0909	0.257	0.1696	0.0443	0.0875	0.2746	0.0649	0.2706	0.3622	0.2197	0.255	0.0186	0.2596	0.1434	0.2926	0.1303	0.0416	0.1052	0.1156	0.1629	0.1137	0.2529	0.0527	0.5465	1.2203	0.3943	0.1746	0.0747	0.7582	0.0515	0.2511	0.019	0.1926	0.4985	0.1926	0.3291	0.5651	0.045	0.2154	0.3491	0.4241	0.5305	0.2404	0.2733	0.2139	0.127	0.3661	0.3506	0.1671	0.0878	0.1431	0.1292	0.3139	0.188	0.0927	0.2008	0.1192	0.2243	0.0789	0.2152	0.0535	0.3462	0.2901	0.3758	0.3573	0.0762	0.5019	0.3514	0.2954	0.1324	0.6877	0.1323	0.2972	0.2164	0.6302	0.2161	0.139	0.5797	0.4565	0.1787	0.7914	0.3613	2.1665	0.222	0.5879	0.1564	0.102	0.1228	0.0988	0.1388	0.0953	0.0645	0.1552	0.2317	0.4258	0.165	0.0992	0.2473	0.5665	0.289	0.3177	0.527	0.0543	0.0723	0.2181	0.1947	0.3008	0.1008	0.1872	0.0513	0.2755	0.0506	0.3408	0.46	0.1369	0.058	0.1851	0.3242	0.3344	0.1633	0.0223	0.0522	0.2084	0.146	0.2783	0.2436	0.2459	0.3342	0.0214	0.4466	0.1326	0.0622	0.1411	0.2615	0.1996	0.1466	0.1264	1.0613	0.1511	0.2851	0.0098	0.2013	0.1615	0.1775	0.0238	0.2754	0.2674	0.237	0.9913	0.6756	0.5552	0.1433	0.3265	0.251
CXCL9	ENSG00000138755.6	protein_coding	6.1608	107.3869	76.3629	17.6478	4.733	73.6317	2.6492	55.8293	8.155	3.0578	9.7012	4.3706	3.8948	63.9343	24.0455	5.0986	6.2817	25.1737	3.8913	14.8929	144.04	3.5494	13.3229	47.4328	18.9825	15.8526	34.1945	2.85	3.1904	63.5435	62.0666	7.4408	11.2146	9.761	83.5419	4.2674	27.1534	2.1524	55.9569	15.5827	1.7209	25.1189	23.0679	35.174	62.0583	26.9874	3.5054	28.0068	176.9675	91.4762	3.9226	39.8813	113.8912	6.287	17.1081	10.7268	15.9326	169.2247	46.8303	65.1883	72.072	1.9052	3.1151	320.9783	223.0056	19.8876	1.4971	44.0555	15.2789	1.0207	117.127	6.5371	22.7619	3.7325	8.6361	0.7924	492.3518	6.9817	2.7718	62.5868	74.4828	6.6262	34.3214	10.3394	3.1315	100.4307	120.67	36.1127	9.3689	5.7005	24.9181	27.7093	20.407	7.0107	1.3831	6.8463	29.3323	25.3069	8.7123	20.3886	43.1047	12.7798	29.1813	1.217	3.7675	13.0124	33.8993	3.534	12.0411	3.3196	7.4827	28.8067	17.0879	27.1796	5.2711	1.4852	7.3349	4.8777	8.0657	27.5741	9.3159	2.4314	9.4677	5.5915	27.5609	8.1182	10.3204	30.9865	28.2514	3.5157	4.4834	5.4577	46.8412	7.1595	9.2899	8.8361	15.4595	31.2536	12.598	4.6681	15.5073	22.0393	6.9276	5.7272	1.6974	9.0815	7.1375	4.4069	72.0805	10.8763	16.9449	3.2656	15.3707	44.7243	54.9855	9.9581	59.3226	24.6023	6.4789	7.7791	8.9251	26.6346	3.2875	3.3773	0.6687	57.0895	13.1739	24.5811	10.8475	12.9903	9.0326	27.0436	2.3919	6.157	21.4662	27.9742	19.1572	14.5319
SLC16A3	ENSG00000141526.17	protein_coding	11.5512	10.0621	8.1356	59.9237	11.6953	39.3932	9.2554	34.9879	15.3664	17.3833	20.5841	4.5317	7.4431	22.6732	12.5423	13.0773	19.2948	14.9503	28.3769	3.0324	5.2543	9.5152	23.9384	2.5002	15.1853	4.865	18.5777	5.0714	10.4135	27.9742	10.1254	19.8039	100.9003	4.7028	35.1956	16.8504	6.1414	4.3469	28.197	52.5211	8.8348	34.7907	17.7863	23.4683	36.181	24.6021	8.7707	40.1145	5.5809	7.7777	10.2333	12.7412	6.9766	25.5415	19.7927	19.7666	12.6452	8.9921	16.0875	10.5392	15.8431	1.8539	21.1234	16.7485	18.4402	25.2028	39.4052	41.5692	12.7408	38.7858	19.8022	13.5327	6.1008	9.5643	2.0431	20.7965	4.4715	11.8921	26.1839	6.0793	13.6947	20.4587	21.7945	30.93	13.3446	22.6578	17.2428	11.7113	12.4695	6.5762	6.4099	7.1376	7.5547	8.6192	23.7662	5.2817	10.3251	8.3562	13.5512	4.4695	4.9925	13.6151	4.2224	10.2359	17.6314	9.3249	9.8183	8.409	5.6324	9.8923	9.0636	8.4518	6.2215	5.4636	5.2733	8.4206	4.7614	5.4044	6.7067	5.2805	5.2419	6.0009	9.6434	10.0955	5.4683	9.1896	6.5435	4.6244	2.8437	7.637	3.8064	3.1051	4.0538	4.8175	16.6861	2.4247	9.9934	6.1113	7.753	14.0046	5.4915	3.6844	5.6227	4.4351	6.0113	4.7589	10.9842	8.9677	4.7692	6.5481	4.839	6.5522	6.9682	8.8613	5.8793	6.3532	6.061	8.5801	6.9041	7.7624	4.504	10.5792	5.3461	2.545	2.9253	2.3951	2.738	5.706	7.8032	6.2603	11.6333	8.3611	9.6026	9.927	7.7635	11.8798	4.3139	10.1414
RORC	ENSG00000143365.19	protein_coding	14.6433	8.0637	8.6533	5.8538	7.9776	6.3394	0.8864	3.1742	4.2805	0.0314	8.0507	2.9925	0.0295	1.0549	3.6689	3.9596	1.9572	7.7619	9.0019	0.0954	0.1392	1.9006	0.688	0.2163	0.036	6.563	17.778	0.1451	24.2312	6.834	8.7634	3.5921	9.5236	1.4789	18.4417	9.7393	6.1915	7.8527	0.8867	7.5665	17.6185	10.7728	15.3515	8.4262	8.4511	2.1979	18.433	3.5555	3.1677	7.3629	0.9864	4.4938	8.4285	38.8085	0.1956	2.5765	17.746	2.8805	2.5663	23.6825	9.8716	24.4998	8.2721	1.7435	4.4975	5.3735	4.006	5.4479	6.7489	7.6374	3.9608	10.1967	0.147	0.5202	1.6672	1.6287	0.241	0.7321	0.067	3.1179	5.0457	2.7132	0.2452	0.4996	0.4234	0.1628	1.1033	0.6265	5.2741	7.101	11.3136	8.8105	5.9924	4.1367	3.7448	7.914	5.6197	6.93	4.1809	5.8798	6.5831	4.4292	5.1993	5.3915	3.9646	2.4789	7.9893	4.6023	4.0602	10.6416	4.6273	8.9123	8.8731	4.1268	9.4173	7.9589	6.6192	8.1205	4.1463	6.6654	7.7983	6.0128	6.0524	4.9768	8.9291	2.192	9.9858	7.5292	2.9258	8.3906	5.8673	9.5488	7.7622	7.996	2.2547	9.0891	6.5554	4.1223	7.2208	5.194	4.4613	8.5247	9.293	5.6793	12.1251	8.2619	9.5971	4.1193	3.378	12.286	7.8868	7.9349	6.4725	6.532	12.6976	7.2764	6.4627	10.2982	11.4322	4.6342	9.7469	2.5756	10.1882	9.4771	9.6116	7.237	3.8515	7.953	10.7458	3.3513	2.7207	4.5909	2.7873	1.8772	6.6149	6.9508	5.5057	5.0706
S100A8	ENSG00000143546.10	protein_coding	11.1881	8.431	48.0151	59.369	277.333	133.1929	26.2906	55.8217	108.2858	338.6791	54.1684	31.6309	34.1094	278.9379	31.1009	106.2765	38.8261	18.8949	37.8707	19.3141	83.2601	162.4617	141.1487	5.1527	246.9665	10.4327	77.9615	27.4534	5.0445	14.7809	9.2693	15.8311	56.4952	7.5467	552.7319	3.0369	11.0223	9.0873	18.2907	2029.8981	12.7102	772.7481	58.4573	21.2635	29.4103	5284.6392	3.8242	35.8597	27.2216	17.4143	3.3406	14.8487	4.9181	8.1258	5466.269	31.1155	22.0313	10.976	17.837	17.1556	30.3535	1.1576	351.6181	11.4431	44.9392	25.5198	14.8946	10.6932	11.52	12.0277	18.803	8.3575	13.6259	6832.7756	10.0457	30.7706	122.6421	580.2303	4.2381	11.2582	286.5273	293.1696	327.7919	2358.3226	209.3786	358.7321	20.3617	2029.0436	72.6706	26.1596	50.616	22.3012	110.4359	34.2085	159.3836	46.5337	92.7458	73.3903	98.4464	38.9164	146.9383	312.1969	76.3102	119.081	127.2918	143.9948	159.2268	161.5022	79.6877	34.6915	36.4188	76.6834	66.1167	37.8821	28.676	72.2274	13.4218	36.2759	147.0784	14.1282	48.5074	50.798	47.9503	111.8811	44.8186	218.3921	40.0572	26.209	98.8802	30.7366	28.7599	12.3126	52.8959	42.9847	182.9355	11.2492	65.8542	125.9342	66.661	124.5966	77.4692	22.1045	68.9608	33.1996	30.3524	30.0739	58.8015	62.8602	79.3289	43.756	33.6968	57.8889	74.7296	79.556	24.6263	23.5633	61.7425	53.1639	52.7115	46.5794	29.4253	155.4852	92.7936	64.3281	33.3424	93.0982	118.5837	44.6507	76.0994	44.4038	253.3965	34.1811	187.014	219.4229	218.4993	90.7513	24.4906	71.518
GZMA	ENSG00000145649.8	protein_coding	6.8942	37.7279	58.468	5.7732	5.0777	12.8148	3.2444	18.5952	20.8177	0.8005	4.1217	3.5625	6.1866	17.6274	8.8528	6.6773	14.5282	8.7362	2.7294	2.5044	38.2467	4.2345	5.8016	15.6101	4.9166	8.2423	10.1247	1.2595	2.441	6.3237	9.787	3.1153	5.9462	5.264	34.1192	2.7584	4.7331	3.0991	16.7393	15.767	3.5087	8.0202	20.6898	15.8722	20.4763	7.4015	2.3869	10.6679	47.4581	11.8415	5.4994	7.813	26.8252	6.153	10.6951	6.6837	8.2354	28.7923	34.5653	10.211	42.7457	3.511	6.1085	66.4825	20.852	8.2936	1.1655	5.8174	18.8253	3.2338	19.4788	5.1844	3.8686	5.4324	5.3509	0.4388	53.9316	7.958	1.4235	16.2416	10.9375	5.1212	3.365	5.1204	0.8669	27.7008	23.5184	35.9485	22.8614	7.4497	21.803	23.2756	12.0174	5.2981	2.0769	7.0026	14.7494	26.4577	21.0721	48.69	31.1447	18.0949	16.3861	6.7287	11.6928	22.0365	32.6714	17.8972	25.1269	7.2506	9.3965	15.5673	17.0283	21.8846	19.5852	4.7828	9.2157	14.2261	5.5197	11.8331	12.3622	3.9327	22.1689	9.1327	17.4262	7.9718	9.8832	22.79	30.3765	2.5131	9.98	7.4941	26.0545	19.1564	12.4155	7.7295	22.4056	22.6643	6.727	6.7104	10.3032	10.092	12.4917	7.5544	4.1587	6.6858	14.2629	8.7513	29.418	8.5226	23.4261	10.3096	21.8953	13.4442	11.4044	8.6855	26.0757	19.407	11.7426	11.3365	7.5654	14.1819	13.1077	14.1984	2.7537	83.0051	29.935	16.8508	12.512	17.9511	10.8852	14.0221	11.4508	13.3629	12.2598	10.1889	14.5742	29.3118
NCAM1	ENSG00000149294.17	protein_coding	0.1114	0.2302	0.3053	0.0375	0.6074	0.0852	0.1266	0.0607	0.075	5.4604	0.4866	0.0978	0.3548	0.1207	0.0923	0.1524	0.747	0.0216	0.0626	0.0833	0.0756	0.0721	9.6755	8.4027	0.0687	0.4007	0.0509	10.0812	0.0457	0.1323	0.5433	0.0614	0.1277	0.9745	0.1426	0.2693	0.3193	1.5098	0.2014	0.1184	0.0365	1.035	0.2146	0.086	0.053	0.1003	0.3273	0.2867	6.6988	0.0814	0.3005	0.7311	0.1995	0.0435	0.0759	0.1358	0.1114	15.0738	0.3133	0.0863	0.1017	0.0202	0.0969	0.1832	0.1091	0.4262	0.0444	0.0906	0.6121	0.0717	0.2938	0.1392	0.1641	0.0237	0.1732	0.0027	0.1336	0.1043	0.083	1.5188	0.0684	0.3292	0.0213	0.1033	0.207	0.1077	0.1648	0.1997	0.377	0.7334	0.1785	0.5569	0.3208	0.3094	0.2876	0.3409	0.6157	0.629	0.5764	0.4306	0.2867	0.1861	0.466	0.2186	0.1361	0.5594	0.1558	0.2498	0.1877	0.2502	0.6699	0.2128	0.6974	0.7643	0.586	0.3539	0.3828	0.3544	0.5922	0.426	0.57	0.1407	0.6706	0.515	0.5617	0.4394	0.946	0.5484	0.4737	0.2771	0.4113	0.8415	0.2235	0.433	0.1661	0.4864	0.7391	0.2597	0.175	0.1591	0.4082	0.8072	0.3792	0.3302	0.4253	0.3436	0.1125	0.3063	0.4798	0.4806	0.5131	0.5032	0.2312	0.3542	0.6805	0.4566	0.4191	0.1345	0.3686	0.2998	0.5098	0.75	0.4352	0.8878	0.3123	0.4655	0.4345	0.4936	0.2416	0.5563	0.2855	0.2419	0.8715	0.5994	0.1608	0.2662	1.5676	0.4511
ALDOA	ENSG00000149925.22	protein_coding	1.4381	1.394	1.4135	5.5204	2.2822	3.8955	2.405	2.896	4.6219	3.0023	3.7582	1.2708	3.6543	5.7395	4.4323	2.1881	4.0013	3.0819	4.5139	2.2096	1.6681	1.2664	2.4907	1.2715	1.8359	0.8489	3.8923	3.3535	2.3739	2.7063	2.2319	3.5769	5.2766	2.6412	3.8611	2.9769	1.82	0.9217	3.6288	2.6989	1.5208	5.4142	2.4078	1.0557	2.5629	7.6839	1.562	5.1189	1.8213	1.3959	1.0582	5.1242	1.07	5.5106	2.4866	1.2487	1.1118	3.0972	2.9445	3.1928	1.5543	3.3402	2.3752	1.9209	1.6144	3.2191	2.8068	3.4144	1.2165	4.1464	1.5437	2.4726	2.179	6.3779	1.1379	4.2274	1.4526	5.5044	5.9347	3.6981	5.1322	3.6985	0.937	3.3842	1.3132	0.8246	2.9959	2.4004	1.9423	1.1877	0.9159	0.8708	1.0258	1.2489	2.2933	2.2787	1.4073	2.6392	1.4099	1.0072	0.7833	1.2379	1.5275	1.5896	2.1957	1.5073	2.2107	2.1605	1.3202	0.978	0.7558	0.7648	0.6127	0.6988	1.4727	1.2929	1.3106	0.8917	1.7751	1.241	1.3046	1.8247	0.7349	1.2459	0.8745	1.239	1.002	1.2068	0.3047	1.6133	0.9324	0.6504	1.2742	0.8297	1.5425	0.6453	1.3922	0.8338	1.0166	2.0214	0.7205	0.8977	0.981	0.6093	0.9029	0.9649	1.6636	1.382	0.9134	1.0182	0.6928	0.9119	1.067	0.9902	0.8578	1.0497	0.9777	1.0514	1.0177	1.1289	0.7663	1.0827	0.7645	0.4287	2.4372	0.8804	1.3391	1.4695	1.9875	1.7744	2.7762	0.8878	1.557	0.5759	1.0912	1.317	0.663	1.3654
CD8A	ENSG00000153563.16	protein_coding	2.5504	25.3293	16.2597	1.3835	1.926	13.3896	1.8638	12.3374	4.9936	0.5444	2.1301	0.8171	2.641	12.0777	7.4752	4.1218	2.9118	7.16	4.6592	2.3571	30.664	2.7119	2.0303	10.1131	1.1426	4.1336	9.7548	1.0703	1.0201	3.5409	4.6854	1.8676	1.407	1.1328	24.6245	1.8378	5.3683	2.7577	5.164	4.3346	1.9567	4.2813	12.6817	12.148	9.4691	3.793	1.8309	3.9011	16.2235	8.5949	3.7408	2.3592	22.8586	3.9286	3.9118	3.1897	6.6398	7.6777	9.8457	6.5607	22.4275	1.0487	3.8196	28.2824	16.4127	3.7945	0.7135	3.1949	8.7967	1.7574	7.7431	2.8726	2.4394	0.8422	3.4797	0.2074	26.064	3.7715	1.1559	16.7073	4.8269	3.1461	1.2954	3.2306	0.4156	16.9937	16.7534	7.9803	8.818	5.0003	15.2137	3.464	5.9081	2.8669	11.1132	7.8595	11.6572	6.2541	24.1676	10.9198	2.6231	9.8413	13.2407	4.0806	5.9245	6.3943	13.1581	20.1749	14.685	4.1868	9.8824	4.128	10.8412	8.3675	4.1209	6.143	4.0973	5.2755	7.0048	4.0007	6.6551	2.2516	11.0144	5.7045	13.9642	3.7587	2.6119	8.1078	11.8621	1.8164	7.8572	6.8446	5.1785	6.5556	5.0406	4.3603	6.8694	10.2263	3.13	2.8	7.8478	5.9009	17.1728	5.3327	2.3308	1.8236	7.0248	5.3841	8.8985	8.7605	8.7754	8.6685	2.4989	6.1544	5.6255	2.0615	10.8575	9.58	4.7654	7.6737	3.8851	10.8475	2.3805	4.6734	3.936	21.2928	11.8628	7.739	4.1492	11.9425	7.0991	5.6985	6.0765	7.7449	6.6156	3.0037	7.7732	8.3549
SLC16A1	ENSG00000155380.12	protein_coding	1.3159	2.5502	2.3452	10.7094	5.1865	5.2604	17.3397	2.6666	6.9305	10.1287	1.5728	1.9558	17.478	16.1515	3.1948	3.9993	7.8698	10.1561	6.519	90.0835	16.5529	8.2049	42.1831	4.6353	36.1587	2.2181	6.0084	19.1519	0.6111	4.2975	1.5526	8.6998	36.7168	10.1817	3.3358	4.6828	2.2659	2.1798	23.2634	27.3179	0.991	1.75	3.842	14.5261	2.2623	37.4976	0.5344	9.9794	14.2229	1.8648	8.3408	6.7463	2.7032	2.2162	10.9183	13.9215	1.1928	20.1595	14.486	2.2695	3.3143	0.09	11.4955	9.1939	4.2778	4.5749	1.1226	4.4424	2.7679	13.8131	2.6664	1.5959	23.0781	37.889	28.796	88.3579	26.7573	23.043	37.0037	8.4243	31.934	10.5933	0.5732	21.5449	27.8667	14.66	21.6443	28.949	1.7814	3.8995	3.3272	3.1036	2.4478	2.4976	2.9932	2.9809	3.3398	8.2339	2.96	5.4429	2.9849	5.8159	1.67	1.8102	2.1951	3.3052	4.7294	2.3125	1.9197	1.79	3.6602	1.7175	2.5454	3.2994	2.7142	1.8059	3.7214	2.664	4.9042	3.0885	1.5709	3.5768	6.1723	2.4421	2.5845	5.6561	2.1121	2.0271	3.2364	2.007	3.2298	2.1832	3.0432	3.5008	3.5504	1.8971	3.1463	2.9461	1.224	2.7709	3.2008	11.1013	2.0448	4.8611	0.9911	1.35	2.8806	1.9931	2.5994	2.0439	1.6555	2.3406	1.7422	2.0854	1.6725	3.0939	2.246	2.8414	1.1951	2.6021	1.5073	5.6118	2.1539	9.982	1.4359	3.5966	2.352	4.6382	1.1524	3.7561	4.9415	5.9041	8.5426	4.5993	1.6264	1.5911	3.3428	1.6169
HK2	ENSG00000159399.10	protein_coding	3.3929	12.3094	10.2418	57.1192	8.3584	19.5624	42.0956	10.083	17.472	46.3023	20.4281	4.9201	30.1744	66.5352	15.0194	33.4038	7.1179	13.732	16.4598	25.4689	18.8704	15.1623	60.4451	20.1593	68.6029	6.9864	16.0736	18.5381	3.2787	33.924	25.1526	17.6278	39.1149	22.2135	6.6265	25.9611	8.9093	6.3585	29.5677	15.3676	45.9933	16.6067	8.8936	21.6896	18.7692	98.515	12.2809	89.8223	19.8873	13.0958	5.6678	9.778	16.1123	32.6202	37.41	14.7682	3.309	12.1945	13.6742	16.8764	36.2791	0.4183	7.8299	14.4599	13.9896	15.2335	17.0871	30.6032	4.7117	46.6397	16.7078	23.2304	17.6568	72.9736	26.1215	34.4828	17.934	21.0791	41.3531	13.4343	54.7912	31.3287	162.661	36.3838	17.0276	8.3486	13.6004	15.2534	19.8743	10.3464	25.3434	14.7766	15.9442	16.6735	34.7794	23.3124	17.993	14.8213	14.9505	7.7186	12.4054	25.574	22.6633	28.1095	20.9445	9.8132	18.7655	16.2222	5.9824	16.8614	30.0217	25.0746	21.1418	16.2061	17.2538	19.1082	11.896	19.9618	14.6551	19.1559	31.4146	21.743	24.1759	17.2364	19.4632	18.325	12.223	15.8229	7.9224	24.7116	19.6091	23.7739	9.315	25.8122	22.5195	20.5532	26.6461	11.8399	11.2564	45.1012	14.0035	8.0741	38.3436	21.4247	18.5193	8.892	25.8392	28.5424	16.043	29.9282	14.1611	18.7755	13.2849	27.1507	14.1292	14.7324	13.3902	19.6777	16.5746	26.0403	8.5941	18.5022	18.6219	18.2183	34.2264	11.8297	11.77	17.1283	18.7637	15.7622	15.9275	21.7841	9.9763	11.1815	19.3051	14.7652	11.4453	18.0807
IL23R	ENSG00000162594.16	protein_coding	0.0321	0.0513	0.0146	0.0623	0.0998	0.0465	0.0117	0.0593	0.0517	0.0064	0.0132	0.0121	0.0199	0.0263	0.0178	0.0283	0.0291	0.0245	0.0086	0.0189	0.0173	0.0318	0.0165	0.0199	0.0243	0.1686	0.0807	0.019	0.0375	0.0238	0.0496	0.0348	0.0323	0.0269	0.0292	0.305	0.0309	0.0727	0.0303	0.0418	0.1112	0.177	0.0773	0.0303	0.0221	0.0127	0.0226	0.0669	0.0768	0.0993	0.0234	0.02	0.0955	0.062	0.0576	0	0.0294	0.0175	0.0793	0.0347	0.1134	0	0	0.0474	0.0432	0.0554	0	0.0399	0.0407	0.0371	0.0218	0.0662	0.0379	0.0052	0.1362	0.0426	0.0916	0.0272	0	0.0379	0	0.0308	0.0375	0.0307	0.0445	0.0242	0.0711	0.0639	0.0201	0.0096	0.0426	0.0418	0.0211	0.0109	0.0181	0.0447	0.0727	0.07	0.1853	0.022	0	0.0156	0.043	0.0299	0.0174	0.0602	0.096	0.0132	0.0787	0.0064	0.0663	0.0382	0.0604	0.0313	0.051	0.023	0.0111	0.0236	0.0086	0	0.0869	0.0378	0.0725	0	0	0	0.0581	0.0166	0.1452	0.0189	0.0208	0.0589	0.0316	0.0275	0.0283	0	0.0353	0.0358	0.0489	0.0103	0.0826	0.0096	0.0596	0.0359	0.012	0.0335	0.062	0.0842	0.1604	0.0501	0.0239	0	0.1146	0.0597	0.0284	0.0399	0.0863	0.0666	0.0231	0.1086	0.0338	0.1613	0.0162	0.0355	0.0157	0.2155	0.0576	0.077	0.0255	0.1077	0.02	0.0557	0.0359	0.0221	0.0172	0.0722	0.0456	0.0614
S100A9	ENSG00000163220.11	protein_coding	786.2534	86.3077	462.5705	1120.9448	4623.6206	2197.3857	148.9267	813.0671	2385.3998	1503.9521	808.5977	86.8213	579.231	991.4757	311.2595	539.0622	2327.5393	270.9506	587.4407	427.9749	310.017	952.2085	978.5995	21.0183	678.194	57.3764	711.0843	75.5312	41.3215	120.4425	220.0437	464.4741	743.6033	51.0268	2902.0622	15.1336	175.0721	68.7958	148.1567	8957.8196	62.6589	4958.9812	615.3933	134.9341	110.9488	14789.4117	23.5964	459.3952	173.6779	99.1263	48.8902	100.3151	173.063	38.1766	12513.9815	2842.1393	290.3272	74.7924	100.8099	1632.3857	329.5439	81.6324	1614.1289	86.1061	857.581	509.5063	1158.7198	220.4087	97.2393	144.496	365.3858	523.8515	66.9986	23731.6753	46.3853	203.4712	167.2383	1589.1884	28.6451	67.3316	1380.9344	1514.0705	1617.1004	6055.9501	633.3562	2266.1909	98.2137	5903.1247	328.4784	145.0346	326.7802	127.6987	555.7915	260.892	835.0557	341.8024	367.7937	309.6549	570.9255	255.2086	308.4399	1107.5768	266.3763	690.6431	915.1098	641.1213	1104.6301	647.2269	432.5731	159.4501	161.4511	284.0526	293.5766	217.8217	173.8294	226.8801	145.1626	124.4022	584.4634	109.226	303.3355	248.3134	212.1487	310.9414	164.603	636.07	148.1011	122.1388	337.327	143.9682	157.1635	119.221	258.0491	250.9586	533.9882	88.4329	329.5059	539.3328	264.2903	611.959	305.5546	64.6907	316.479	184.4307	139.4462	116.8163	511.0898	209.0416	265.9186	173.0226	159.2057	286.6311	290.0247	248.4199	98.4001	153.1281	198.3075	287.4711	168.0752	264.3463	131.0554	695.1291	284.5625	220.1104	191.8614	326.5623	239.5707	264.8214	273.053	205.7098	852.1777	181.7948	683.3184	727.9914	677.3001	347.8836	105.6421	269.5862
CTLA4	ENSG00000163599.17	protein_coding	1.3017	3.772	6.4266	2.1006	2.2478	4.2365	0.8151	3.8509	3.4069	0.2968	5.2565	0.9095	0.4307	2.8969	0.8853	1.3475	0.5164	3.0696	0.4879	0.9423	2.8636	0.2147	0.9395	0.9679	0.2482	4.1439	1.8168	0.1568	0.2344	1.4312	1.7434	0.8	1.067	0.817	3.7616	0.2987	3.1174	0.7276	1.1529	1.6888	0.1502	1.5703	3.2398	1.6728	2.0602	0.762	0.4065	1.8569	8.9114	3.0195	0.2104	1.5906	4.638	1.345	2.3639	0.1601	2.6082	2.4688	2.6263	2.376	4.9378	0.241	0.4808	6.3209	5.2903	6.1548	0.976	1.5173	1.3137	0.7233	3.8408	0.3148	0.9442	0.8706	0.5963	0.2716	6.0694	0.7023	0.2196	2.1571	1.2286	1.2754	0.479	1.1449	0.3152	4.0877	7.1764	7.2764	2.2891	0.3242	4.8396	1.1188	1.8038	0.9659	0.6884	0.4402	2.2996	0.9541	2.9379	0.4795	0.6093	0.9082	1.2819	0.1705	0.4356	0.5162	1.4833	0.2577	1.2174	0.3287	0.3161	1.0502	0.3931	0.7161	0.4811	0.1726	0.4491	0.3191	1.0458	0.4308	0.6524	0.8659	2.2485	1.0217	3.1128	0.8843	0.6784	0.8471	0.7321	0.3555	1.5747	0.4567	0.9975	0.0206	1.8076	0.8294	1.0953	2.7151	0.6455	0.1552	1.3388	0.738	1.5046	0.4374	0.0898	0.9219	0.6697	0.6317	3.5437	0.798	1.509	0.537	0.946	4.0143	2.2596	0.7992	1.4902	1.8813	0.5723	1.395	0.6983	2.1793	0.3804	0.4581	0.2745	0.7314	0.2941	1.1797	0.5889	5.0731	0.1399	1.0404	0.5156	1.3184	3.7755	1.5845	1.7451	2.3854
CYBB	ENSG00000165168.8	protein_coding	14.5055	43.8297	69.7088	100.5383	23.7944	78.1042	7.3605	53.0598	31.9047	3.7143	5.1326	16.1402	6.0571	36.3596	27.8296	109.2967	46.814	38.7505	34.0286	5.3058	11.286	15.9871	13.1636	6.0181	4.4419	50.3867	23.1496	1.1782	17.9282	103.217	21.0716	17.6518	35.7664	8.178	45.8848	4.12	17.6236	23.8099	20.881	9.1889	4.9402	24.2303	55.2889	56.001	34.5805	9.9989	4.7641	134.1068	91.1425	64.8406	19.0496	38.395	84.4703	10.2734	31.4312	2.1073	49.0633	47.8029	43.448	34.3593	72.3481	1.0255	9.6602	86.0996	77.9721	25.9661	13.2475	34.0137	26.4761	6.7044	37.5981	17.588	13.0588	3.5794	18.0171	2.1879	45.3848	19.1221	3.1149	12.8905	10.7669	15.3707	5.0101	29.4867	3.4386	65.09	41.0596	23.3764	83.5039	30.0945	60.2904	60.6494	52.9177	44.996	159.9764	114.0333	94.8757	76.3776	96.2658	45.7825	98.6473	146.5914	41.1223	144.2023	185.2254	62.4699	158.1076	92.7583	36.9373	95.2238	105.2091	124.8997	50.203	59.0925	43.8487	71.1078	28.0993	62.9354	53.2508	45.9396	84.3995	58.5451	86.5835	63.1009	48.192	31.55	46.1414	44.3504	36.4657	61.5819	48.9011	66.1835	57.9367	67.1387	61.959	25.5349	86.6747	80.4859	38.274	312.1079	64.8913	33.9118	107.2996	52.6258	44.0167	28.1886	136.3333	75.3107	87.6037	78.949	32.8544	49.6431	71.8896	160.4089	48.1304	35.1067	90.5397	103.7395	49.9599	116.8387	21.4898	74.1509	64.2566	74.1914	89.5874	95.2065	32.8831	56.7745	59.6136	97.368	37.0472	52.2455	64.4328	23.8609	56.2055	109.3229	45.2295	80.1196
KIR3DL1	ENSG00000167633.18	protein_coding	0.0276	0.0352	0.0501	0.0329	0	0.1161	0	0.036	0.0999	0	0	0.0416	0	0.0361	0.0427	0.3155	0.02	0.042	0.0147	0.0405	0.0198	0.0727	0.0353	0	0.0167	0	0	0.0163	0.0107	0	0.1193	0.0199	0.037	0.0173	0.2511	0.0683	0	0.0139	0.1215	1.293	0	0.2763	0.1594	0.0651	0.3041	0.0291	0.0387	0.1579	0.2309	0.1492	0.0134	0.3947	0.0234	0.0473	0.0879	0	0.1517	0.6459	0.0363	0.0937	0.2164	0	0.022	0.2711	0.1114	0	0	0	0.0175	0.0212	0.9534	0.019	0.0186	0	0.0487	0	0	0.0187	0	0.0145	0.0639	0.0317	0.0967	0.0176	0	0.0553	0.0555	0.0658	0.5876	0.173	0.0879	0.1794	0.4102	0.1404	0.5387	0.2475	0.5307	1.2393	0.2818	0.3782	0.0929	0.1072	0.3781	0.2976	0.5978	0.369	0.377	1.179	0.5507	0.2212	0.4286	1.0484	0.5275	0.8997	0.2126	0.3752	0.6087	0.2028	0.192	0.3411	0.7296	0.0162	0.2581	0.425	0.2637	0.2707	0.7426	0.8644	0.9264	0.0325	0.0713	0.2864	0.2535	1.2735	0.1526	0.186	0.7274	0.3536	0.151	0.142	0.1134	0.0331	0.5736	0.3695	0.1232	0.5943	0.2341	0.0619	0.787	0.0861	0.5753	0.3307	0.1574	0.2822	0.0244	0.2971	0.5558	0.0458	0.119	0.4455	0.2977	0.0361	1.074	0.9626	0.1076	0.2091	1.9292	0.4145	0.2712	0.4478	1.3032	0.3613	0.3785	0.3548	0.3697	0.3873	0.3653	1.608
STAT3	ENSG00000168610.16	protein_coding	37.9092	23.6994	29.811	32.3741	27.9554	31.7531	28.9557	36.2284	26.837	20.3803	35.0898	24.239	37.7498	30.5167	31.5315	48.6974	32.3244	22.8962	30.4468	19.6681	36.9549	31.3331	29.7008	47.1465	15.9757	35.9682	34.8215	31.6048	30.791	27.4515	42.2271	39.0839	37.3864	23.045	50.1473	39.2455	38.3286	41.2308	25.5328	33.1449	41.1691	54.7288	42.0994	36.48	17.5463	53.4324	60.3399	32.3498	31.9484	52.8769	49.2641	38.3236	62.8703	36.2575	23.2171	23.9511	58.4003	17.3809	38.7567	36.8145	37.4232	33.5206	20.8882	24.4922	36.568	27.7116	36.1356	43.7959	40.8785	29.4746	36.3709	36.3836	20.2764	36.9363	21.4256	34.6779	27.2728	32.2661	28.223	18.7537	39.5648	46.4056	18.3488	37.8209	57.4174	37.2651	51.7091	47.2535	30.0971	36.4825	38.7493	36.4398	43.5078	52.1935	60.3604	41.2975	50.3784	35.5183	45.4859	25.8137	22.8891	49.6742	51.2913	32.3672	32.3438	29.3126	36.8097	34.4819	34.7223	40.0924	47.8811	43.7518	46.1208	41.8125	30.7419	49.1024	43.9404	38.4441	82.4917	44.9227	39.8989	39.4044	37.5842	50.495	35.3212	74.4277	33.7075	37.5273	40.7145	38.919	37.6736	44.2603	28.1324	39.0374	59.1486	41.5186	39.3078	41.8111	48.2682	29.6736	44.0708	37.6398	36.224	38.0958	37.4002	38.4316	41.6516	36.4588	37.9796	37.8635	34.5842	43.8628	38.8136	36.8847	34.7138	35.2704	34.8903	49.3598	31.9073	33.5441	31.537	40.5091	34.5069	36.387	48.933	32.4479	39.9823	38.8187	35.2349	30.5329	72.2413	38.0846	63.5191	71.0852	38.3024	32.9097	30.1817	30.5439
IL7R	ENSG00000168685.15	protein_coding	10.2183	10.9625	14.5517	10.6641	51.6576	53.6506	7.0253	26.6913	25.6122	13.1427	4.6609	5.089	15.3175	27.7177	13.2406	41.0449	20.7678	12.5976	7.6682	6.639	6.7997	7.4923	8.8415	1.9048	7.0998	24.9332	10.4624	1.4845	2.4032	13.1853	9.2486	12.2967	12.2063	3.0371	18.5802	3.5569	19.0161	4.0393	11.8532	5.3632	1.448	10.2023	27.434	14.8377	7.879	13.0547	6.8222	12.5417	39.321	24.7605	3.2491	8.4601	27.333	4.5091	5.6363	0.5746	11.6288	5.5878	13.4989	14.6947	32.1605	1.2165	4.3271	16.841	15.2351	11.9818	7.5676	7.1823	11.6148	4.6285	12.3694	8.1522	1.4091	7.0371	5.5385	2.1124	12.228	9.9342	2.0435	3.3708	3.4941	17.3899	1.9432	31.9432	4.122	41.1044	45.4778	8.9799	23.9258	23.2026	26.639	14.857	39.5826	14.36	33.1823	67.2076	55.2864	28.1688	29.0669	57.4755	20.1882	50.6209	61.0231	34.5224	41.7398	52.0511	62.981	95.4445	47.9749	17.8713	31.024	60.6831	35.8666	67.9118	79.0938	19.0115	51.8624	35.1258	36.538	25.9469	55.3686	29.4481	19.1198	40.5256	25.7786	53.2954	36.0409	84.0178	112.4282	7.7286	10.7857	70.4484	18.5283	72.9874	38.3398	65.8178	33.4985	86.8837	45.7854	20.0965	86.713	3.57	55.3757	6.4281	24.9441	55.5825	20.6267	23.9202	97.4765	34.4308	90.9473	25.2853	30.6502	24.4824	32.5612	12.9841	48.3057	26.0532	23.0166	41.2194	78.555	30.1835	27.0682	66.5484	19.1597	44.0973	47.2603	36.853	41.0646	41.9468	49.5345	29.2743	15.5631	48.7968	36.7931	46.7128	58.0369	39.2682
CXCL10	ENSG00000169245.6	protein_coding	5.3011	67.157	129.5677	33.2011	7.7782	89.1719	4.0383	65.2213	20.6475	1.9009	8.0201	5.0025	15.7871	36.0701	92.4602	14.5507	14.4579	62.0989	7.2261	8.1294	119.1342	3.7503	8.9044	87.0139	20.5542	14.6332	17.4266	5.0357	3.4154	91.643	14.8449	5.8281	14.2212	16.3871	49.7962	3.6447	11.5452	2.6062	247.8328	11.5021	2.9492	17.2474	39.1254	31.1704	65.1199	33.7718	2.3446	32.4937	72.5363	72.3061	6.45	44.9842	47.2139	9.8927	12.7759	23.081	5.193	57.2331	58.8717	29.9656	42.2782	2.019	12.9235	293.1848	254.7372	24.3505	2.6292	54.724	6.496	1.8579	67.0943	4.1948	26.2685	5.4424	8.8898	5.0478	197.8601	9.3852	2.6281	148.1948	104.0813	2.7942	14.9338	47.807	23.032	150.0657	80.3318	94.4952	17.1166	3.6997	14.6906	16.1873	36.7902	3.4885	1.6332	6.223	17.6102	19.3065	9.6711	26.5592	60.0027	18.1523	26.3414	3.0394	8.5673	48.7669	60.033	7.7986	44.7742	2.9934	8.5941	18.1657	13.1227	33.1519	8.8215	0.786	5.6947	3.6161	15.2844	15.2703	6.5222	3.1023	6.1498	8.0638	20.4275	6.5099	8.4542	22.7782	39.8308	4.7133	6.1337	2.4951	65.746	9.8387	9.821	9.7742	12.5164	86.3157	12.0227	5.7955	18.5581	27.3302	11.4177	5.2581	1.5039	6.9605	10.368	4.9968	59.3403	10.1186	18.4198	3.6863	21.9903	48.6865	61.768	9.2797	64.1957	16.512	14.924	10.4099	7.3414	17.794	6.5751	2.7553	1.1713	91.4471	18.1797	29.7017	18.511	8.6814	10.1026	21.4698	6.5734	56.9827	20.4166	28.5626	11.8822	17
ITGAM	ENSG00000169896.18	protein_coding	1.9906	7.4491	10.2687	28.0404	7.3503	13.7845	2.4763	8.4761	6.5805	0.9979	2.9105	8.9926	2.4217	7.8996	4.3521	32.2716	12.7895	7.0261	6.2753	1.5967	6.3731	2.8087	3.0487	4.9668	1.2936	12.2969	4.6935	0.5684	2.9315	27.2009	5.5221	7.191	8.4483	2.0474	7.1203	1.9815	4.9748	7.8931	4.0694	3.0954	1.2499	5.1717	13.3424	11.9662	4.7383	3.3903	1.1917	43.253	8.2353	11.1709	6.4334	7.6723	10.6469	3.2775	16.8149	0.3816	10.2535	5.7855	7.8539	3.6121	9.4952	0.1813	1.8666	7.9489	11.2828	11.8049	4.804	12.6416	4.2212	2.2888	5.2882	4.6507	3.9749	2.0862	4.1279	0.9466	8.3633	4.5411	1.5195	1.5398	3.0707	3.8736	0.8163	9.0489	2.7527	8.6862	12.1189	3.9495	19.4614	7.1359	9.87	13.4031	10.501	5.1677	38.0158	13.1149	24.7614	14.9035	12.8192	4.7711	13.4726	27.8823	8.1774	13.4011	24.4625	10.7392	23.6788	11.8438	4.2726	22.5482	17.0419	18.3606	13.8471	12.248	6.7051	20.342	7.3837	16.4071	9.3653	7.0009	11.2695	6.6809	19.4249	18.6847	14.2582	8.5279	14.4382	8.8047	9.3562	15.5838	7.9778	8.5795	5.1526	9.751	15.5889	3.9832	17.6671	8.6625	6.3139	42.6734	6.7345	8.9232	19.8797	16.4879	11.6163	3.6704	17.932	10.458	10.8279	10.8534	6.7789	8.5863	9.0982	24.612	7.8435	3.5031	19.2215	3.426	9.4315	21.6951	4.2774	21.3655	13.2719	13.1109	12.8508	4.4396	6.0693	10.9252	14.3491	14.1739	10.243	14.4238	20.9853	9.2911	21.1559	22.3988	16.4997	22.7398
CD14	ENSG00000170458.14	protein_coding	39.4472	98.9427	147.3841	312.163	201.5315	90.2037	36.2694	134.3486	101.0836	19.8204	44.6638	71.9487	37.4266	95.3461	109.5666	183.1853	209.5406	111.5363	35.9313	17.7288	61.9672	45.1464	52.3386	25.9146	28.2859	86.909	52.2947	10.3641	15.9135	162.7231	43.13	105.0812	128.7275	22.4113	66.4273	14.0791	35.1686	56.1858	83.6031	59.8341	26.5986	67.0385	88.3017	55.4715	56.7856	90.5183	12.2955	317.1608	150.658	91.1984	88.3483	119.1147	101.3475	23.1619	172.1738	9.3867	68.6553	87.4788	120.5973	63.2827	124.4073	5.0382	35.9333	84.5934	153.2814	100.335	25.4259	87.4456	76.3169	19.8457	67.3202	66.5731	47.1185	121.93	28.882	8.7434	152.2086	59.0887	26.3556	34.418	25.009	70.7608	17.4716	147.4884	17.8354	216.5963	82.2057	82.7357	135.6256	53.5239	98.7729	102.256	165.3435	56.1866	143.1136	101.4486	105.9934	84.5026	156.3772	94.1879	64.1979	182.0909	90.5761	171.6731	258.0222	208.8385	291.0847	153.9632	89.0928	92.8517	57.2607	92.5313	90.1365	108.1378	119.9561	55.3024	114.788	60.4726	85.9231	43.7222	114.5613	82.1899	107.9316	42.5977	50.4091	66.9538	35.5122	96.8286	121.9894	29.1368	54.8473	40.9168	54.0101	99.6532	147.4321	31.2122	87.0381	141.1483	47.3367	78.2888	99.5111	49.0815	118.2018	70.0591	44.2189	84.0623	105.5202	85.808	70.6785	68.5855	80.9679	60.3699	59.9902	84.423	49.299	49.3498	76.3544	51.1455	37.1914	74.5739	87.6229	225.8201	72.1795	51.8093	49.1407	86.2034	94.2711	74.9852	94.4126	59.5095	163.1646	92.4854	187.1807	123.7538	71.2726	68.9726	110.5045	113.1267
CD8B	ENSG00000172116.23	protein_coding	0.2321	3.2954	2.836	0.1487	0.205	1.067	1.3856	1.2595	0.7948	0.0582	0.3779	0.118	0.5869	1.3471	0.4735	0.4258	0.4435	0.9538	0.3904	0.3389	3.0547	0.419	0.1854	1.3996	0.0917	0.4051	0.8838	1.0631	0.1064	0.3094	0.4349	0.1551	0.1769	1.4066	1.8987	0.2099	0.5168	2.8316	0.4428	0.2772	0.2707	0.4015	1.3228	0.9272	0.5456	0.4659	0.3021	0.3865	1.3795	0.6876	0.4027	2.196	2.7227	0.3355	0.4402	0.0711	0.5466	0.7879	0.9328	0.5254	1.6719	0.1661	0.3118	2.8378	1.7235	0.4467	0.0742	0.4694	0.9288	0.1654	0.6692	0.2553	0.2442	0.0445	0.2314	0.013	3.6875	0.3079	0.2925	1.8745	0.3428	0.4796	0.0514	0.5015	0.0426	1.6816	1.6691	0.7967	1.1178	0.3212	1.6505	0.6273	0.4404	0.375	0.7785	0.6759	1.076	0.6064	2.8553	1.5818	0.4364	1.0309	1.5589	0.5492	0.9287	0.7742	1.2945	1.7358	2.3128	0.439	1.5213	0.387	1.7776	0.9233	0.3989	0.7838	0.2832	0.3306	0.3925	0.4836	0.3703	0.2072	1.4508	0.5585	1.549	0.2979	0.1493	0.9359	1.1745	0.1845	0.9102	0.6151	0.3979	0.7021	0.4721	0.4747	0.8021	1.008	0.4163	0.3776	0.7136	0.6687	2.2073	0.682	0.1164	0.1019	1.1388	0.7024	1.067	0.824	0.8447	1.0298	0.244	0.7182	0.5876	0.2187	1.7467	0.8519	0.4886	0.8446	0.2367	1.4895	0.2297	0.3325	0.4324	4.1393	1.3009	1.1659	0.2697	1.7529	0.7577	0.7456	0.6582	0.6108	0.76	0.258	1.0727	1.0137
CD163	ENSG00000177575.13	protein_coding	6.6376	19.6382	24.0415	82.1278	19.5634	57.2924	4.8153	35.6225	12.8343	2.3117	1.4527	5.4625	5.8714	39.231	59.0024	247.142	42.3009	16.2142	22.2422	7.2329	4.3905	19.7699	8.6437	3.6354	3.444	17.5988	12.7256	0.8392	7.1946	39.1773	4.9792	30.7278	34.8459	7.2591	35.761	1.9822	16.5903	9.7557	27.0432	13.8447	3.2868	27.4806	25.2944	24.0211	9.9483	12.4118	3.8524	90.1989	93.9063	61.0895	22.9866	25.1816	34.2536	6.2901	27.5484	0.5528	23.1258	14.561	17.7153	29.9075	55.6018	0.6208	7.3034	43.8659	44.2708	8.6852	6.9065	20.3815	10.0793	2.2661	13.6716	16.7146	14.1953	2.0378	11.1384	3.8683	12.5522	14.2335	4.1329	5.0866	8.2474	33.1489	2.3695	22.9454	3.1811	60.0893	35.3376	9.9069	61.0237	23.6998	33.5479	51.7105	34.8717	34.1606	156.5027	40.9439	57.2656	41.0141	53.8136	18.4973	15.974	121.212	23.133	56.6171	127.7103	45.5707	158.8562	50.0539	30.1608	48.9859	88.9738	49.5173	25.2919	48.2784	23.7559	44.2617	38.9399	34.8571	41.6415	29.063	29.3299	38.3167	63.0178	74.4113	27.8935	52.9835	37.0226	23.7498	14.7668	58.3625	32.3274	47.2732	15.4349	17.1942	41.0285	23.0958	56.2322	18.1189	25.6054	63.1462	14.361	14.8952	56.9654	63.419	28.8623	22.0286	38.1891	40.3403	45.8603	36.919	25.0424	26.3972	21.0525	34.1681	22.4283	18.9568	26.0744	46.6002	43.4246	27.3816	14.2082	101.3911	33.5751	33.2789	48.7276	16.7804	13.5415	63.6542	30.216	30.4759	45.6274	35.8685	47.4999	13.8178	72.5499	66.3867	24.5008	55.2071
PRF1	ENSG00000180644.8	protein_coding	2.1664	27.8576	18.7395	2.8858	2.4993	15.9761	0.9087	6.6926	5.2134	0.8708	4.1134	1.0667	2.054	11.4112	7.6646	6.0009	3.444	4.6708	2.6736	2.3724	25.1826	4.7704	3.2831	6.6317	2.4692	3.8389	7.7717	1.1265	2.0719	3.5375	3.6726	2.8822	3.4898	3.5362	18.2735	2.3185	3.3979	3.1125	11.2168	7.3897	2.0572	5.2458	9.2669	7.0986	14.4736	4.5767	2.3465	4.9263	12.0099	7.9996	5.3244	8.5445	9.6063	3.7898	5.0144	2.0673	6.3306	10.7365	11.4163	4.621	19.0051	4.5263	2.4515	22.1663	10.7989	4.4003	1.6243	6.0744	6.9	2.4433	11.5429	3.0841	2.8085	2.173	2.8742	0.577	16.6183	2.5958	0.5132	11.0104	5.2413	4.1866	3.664	3.2653	1.177	15.9829	13.9231	19.1552	23.1015	8.522	15.5602	9.4287	25.9534	7.6664	12.7177	17.3189	19.0507	42.3247	21.5643	34.0192	12.0492	17.5288	26.5777	8.9444	15.7397	19.2362	19.0494	34.2685	21.1174	13.1713	18.9621	25.7768	23.8839	31.4389	25.8137	12.4855	16.1845	25.7329	10.7204	22.3771	31.5072	2.4369	23.6194	15.7884	16.853	25.3502	16.7605	41.6629	51.4774	2.6707	5.6714	10.9171	20.8568	44.3515	12.532	16.8068	32.7318	11.7203	16.8184	7.2426	12.6212	5.0669	17.2625	8.4648	7.6128	18.192	11.1941	10.4313	24.6204	11.3756	35.6642	13.5859	31.194	7.2808	16.7759	9.8663	21.6825	9.9164	6.5293	11.9787	8.8531	10.3345	20.7894	14.487	5.7125	23.6195	28.817	11.5271	15.0076	17.6584	39.9228	14.1398	15.6576	40.5542	17.4391	15.3196	22.208	45.756
CXCR3	ENSG00000186810.8	protein_coding	2.0639	14.8813	8.6821	1.3312	0.958	6.1301	0.3928	4.2031	1.8072	0.088	4.9242	2.446	0.77	3.9191	3.8003	1.4694	2.1124	3.4011	1.3429	0.7899	8.7498	1.1879	1.6268	5.5047	0.4363	6.4164	2.1228	0.3112	0.8944	2.714	6.268	1.599	1.858	0.5565	4.7943	2.6089	3.0367	1.784	2.8245	1.0747	1.7843	2.4711	5.0047	8.5925	59.6542	1.3648	1.1291	5.6814	7.4908	1.928	1.209	2.4834	12.2141	1.1296	2.4186	0.2366	2.8706	5.2673	7.5414	3.2529	8.2625	0.6093	1.5471	8.3543	9.1015	7.5038	0.7244	8.2145	4.5382	1.4495	5.0153	2.2281	1.3845	0.4146	0.9888	0.101	14.2148	0.7227	0.4326	5.2491	1.3387	2.3475	0.7934	1.8458	0.2964	7.0054	12.3105	4.3301	3.4297	2.4506	11.8602	9.5058	3.346	2.192	3.2481	2.0235	4.18	3.8102	5.6782	1.9192	3.4316	3.9058	2.2979	1.1755	1.3215	2.9365	4.0961	3.1897	1.065	1.3889	2.9269	5.6183	5.1615	5.1339	3.4682	0.9523	0.325	1.5077	0.9793	2.7995	1.8163	0.9625	5.5887	1.4234	5.4137	1.9896	3.1186	4.8009	6.973	0.4576	1.7382	0.8973	2.1836	1.6351	2.1471	0.8972	4.6903	3.2595	0.8093	1.1774	1.8236	2.977	3.4996	1.98	0.9697	1.2137	4.768	2.6138	5.9115	2.1111	4.5421	1.4242	2.5105	5.3095	5.7328	1.906	7.8563	3.8183	2.9798	2.0405	1.9187	4.0656	1.5908	1.702	0.5949	6.3688	2.2765	4.3512	1.8985	9.724	1.5622	4.2172	2.7684	2.8904	3.2989	3.0974	4.0244	4.1321
NCR1	ENSG00000189430.13	protein_coding	0.0612	0.4173	0.2349	0.1544	0.074	0.4942	0.0099	0.1479	0.1425	0.0108	0.0448	0.0616	0.0946	0.1337	1.1503	0.1977	0.0099	0.0623	0.029	1.0081	0.1759	0.1077	0.0768	0.0676	0.0577	0.0451	0.171	0.0483	0.0953	0.0539	0.0673	0.0393	0.1095	0.1709	0.9091	0.0675	0.0916	0.1096	0.1542	0.2601	0.0943	0.341	0.1967	0.2313	0.6567	0.0359	0.0383	0.0708	0.8142	0.3999	0.0792	0.2033	0.3815	0.2337	0.2387	0.1292	0.2995	0.1335	0.1254	0.1766	1.0896	0.0272	0.0869	1.3652	0.4398	0.0704	0.0689	0.2029	0.0431	0.1466	0.5353	0.0374	0.0643	0.0709	0.1443	0	0.0863	0.0922	0.0177	0.1857	0.2342	0.0939	0.0955	0.1822	0.0539	0.2732	0.976	0.563	0.4436	0.2034	0.2603	0.2244	0.4884	0.2496	0.1841	0.5982	0.3699	0.9953	0.2885	0.3921	0.2753	0.4897	0.5463	0.1216	0.2558	0.3643	0.3722	0.3358	0.5951	0.4804	0.3306	0.7332	0.4696	1.1269	0.5433	0.4094	0.5447	0.6606	0.2187	0.4491	0.8186	0.1603	0.6063	0.3147	0.372	0.9283	0.7661	1.0129	0.9499	0.0963	0.1585	0.3327	0.4291	0.7684	0.2329	0.6979	0.4788	0.6375	0.381	0.2805	0.364	0.3105	0.6068	0.2204	0.2027	0.3597	0.105	0.5096	0.6217	0.3571	0.852	0.2332	1.146	0.2279	0.6018	0.6092	0.4573	0.1356	0.1665	0.3069	0.2581	0.2497	0.8867	0.794	0.0709	0.2541	0.4493	0.2699	0.2505	1.1343	1.0948	0.4721	0.3911	0.8633	0.3942	0.3823	0.9789	1.015
FUT4	ENSG00000196371.3	protein_coding	0.6172	1.1909	1.5274	1.2095	1.042	1.8502	1.1515	1.4619	1.1896	0.788	2.0737	1.0858	0.8346	1.2462	0.7196	1.3322	1.5704	3.4018	1.3378	4.2566	1.2161	0.7778	1.3579	0.5004	0.9746	1.1812	2.2672	0.5588	0.9173	1.0826	1.4947	2.1008	1.5302	0.5415	2.5383	12.2934	1.6045	1.906	1.9771	13.6199	3.125	1.3055	1.6938	1.0651	1.7957	0.5562	0.7598	1.8567	2.0575	1.0533	1.5522	0.6466	2.148	1.4471	1.7038	1.6186	1.2335	1.9155	0.7482	1.2206	1.3765	0.5703	2.6149	2.506	3.0033	1.5936	2.018	1.9462	1.9989	6.6294	1.2931	0.6496	1.4144	0.8089	2.1512	0.5529	1.4525	1.4249	0.6952	1.6153	0.6087	1.0217	1.5476	1.2512	0.867	1.4352	3.008	0.7483	1.6303	1.4171	1.5239	1.3147	1.1028	1.353	1.7052	1.2898	1.7907	1.6707	1.4694	1.2614	1.3128	1.5356	1.4323	1.3911	1.7383	1.2215	1.9864	1.6244	0.8985	1.3966	1.3192	1.6389	1.0441	1.5964	1.2319	1.1097	0.9575	0.9016	0.9759	1.2583	1.526	1.4188	1.2723	1.3451	1.3205	1.9487	1.3178	1.2378	1.0288	1.1199	0.9472	1.8783	0.7549	1.0632	1.4504	1.39	1.248	1.5001	1.1347	1.9079	1.1033	0.9302	1.5816	1.1671	0.9954	1.1959	1.301	1.2878	1.7741	1.1008	1.2943	1.0723	1.2757	1.6951	1.31	1.3338	1.2701	1.343	1.5282	1.1965	1.1345	1.3349	1.3037	1.1589	1.5374	1.1028	1.3962	1.4842	1.256	1.885	1.1826	1.3747	1.3509	1.0565	1.4887	1.5067	1.3334	1.3594
FCGR3A	ENSG00000203747.12	protein_coding	21.0501	56.9479	113.7405	149.3641	40.2247	96.8678	17.1926	34.6816	92.659	7.6027	15.1725	29.513	12.379	67.4941	59.8295	117.5717	106.2758	66.4001	51.1441	23.1964	28.5758	40.7332	21.9934	15.1317	11.5515	16.1144	36.073	4.4771	20.2274	152.7713	17.5764	37.5318	57.7532	14.7617	103.1402	6.9665	18.0836	19.4468	80.4873	28.3602	20.1633	33.1818	73.3369	64.0477	51.6308	25.3541	6.3718	236.7494	112.2329	86.5808	40.5433	65.7443	72.7817	14.5033	61.3751	1.2755	14.5288	57.3391	34.9247	61.2239	77.9419	2.8577	19.1037	127.052	116.3658	34.9284	14.9457	84.7282	17.478	4.8941	51.8799	25.9735	38.6465	9.3499	23.2603	3.13	93.396	24.5631	11.8558	25.907	26.2019	41.0884	6.5943	62.8619	5.5132	145.171	53.9024	25.4924	148.7913	65.2541	101.9043	84.4233	60.1494	121.4885	163.4558	93.6907	66.1488	126.333	143.0085	118.5075	195.2417	161.8119	51.992	128.2725	159.67	149.648	160.8801	116.5579	106.57	132.5875	131.0381	140.243	65.8109	106.1719	83.9915	135.7196	66.7168	102.7275	92.1965	64.7775	60.7325	97.2271	128.7819	155.7017	82.4426	49.2551	79.5065	90.4506	65.4145	226.137	78.9518	44.1228	101.6841	57.7252	136.7783	47.1778	114.3637	77.6568	90.2612	176.0997	81.7735	49.1271	114.134	50.8627	39.3452	52.8393	163.6003	40.8661	143.4176	106.2857	104.7197	85.2818	97.522	144.2053	90.0967	124.1201	116.8289	191.6231	191.2965	102.5066	49.1831	149.9882	117.982	100.1476	63.5336	175.1436	34.3175	84.4	125.1807	80.6824	87.6886	110.4277	87.6372	44.4862	78.7135	190.0891	61.5003	134.9491
HLA-DRA	ENSG00000204287.14	protein_coding	2758.1253	4416.669	6561.3217	1131.0862	2955.6528	1660.3301	426.8409	1834.8457	5426.2997	71.4085	1081.1427	1756.2809	169.1092	1391.3182	1331.7667	1904.9346	2112.0201	2370.1781	1065.2302	244.3465	921.9833	880.0264	543.62	982.8865	232.831	2906.7585	1033.959	86.0078	388.421	2055.4852	2265.6862	561.4665	1077.2047	219.9648	2221.1045	295.356	1264.5648	1057.9116	531.1701	381.0711	375.5712	619.6944	2432.3158	1549.1244	729.8071	538.9343	448.7946	3460.1875	2576.1813	1399.6106	668.0603	623.6811	1860.1567	242.2326	1167.8846	44.4279	1242.4868	881.5414	968.8927	1021.848	1650.3748	215.1991	322.9985	1394.5369	2311.8903	2723.0303	686.9197	1782.1073	1012.5652	301.2907	1287.1938	1594.8057	357.3716	351.4566	570.9351	146.1669	2653.901	430.4323	296.8707	609.9679	1139.459	1152.8426	154.0459	832.7821	129.1634	1829.3539	1838.2492	712.7776	3889.9836	1617.5844	4106.531	2784.3537	2569.8715	2967.8428	3856.2681	2325.9104	3196.1424	2394.9087	2678.7461	4769.5109	6920.3768	3806.0201	1904.2331	4867.5213	5278.8198	3772.0243	5578.3521	4174.9387	4329.1601	3125.0814	2778.9202	3524.9758	2473.8544	2490.9189	2037.6929	3103.2091	2287.9209	1861.2002	2698.0326	1944.9851	2348.946	2407.5585	3332.785	2644.193	1924.745	1651.9831	1806.4337	1990.1475	1923.4022	3636.2502	2255.3128	1731.8971	4819.7228	1892.5677	2831.7633	1695.3498	2633.981	2509.4059	1882.6279	3701.7856	1922.8742	1326.9104	3136.9845	1900.9624	1541.2835	1548.5477	3470.5256	1899.1265	3328.0768	2451.3356	2001.871	2029.4109	2048.6537	4634.75	2323.706	1854.9147	2345.1476	3672.3932	2729.801	2499.7274	1381.091	3081.0584	1789.831	1961.5266	2088.1638	5818.9352	1039.1931	2279.1061	2793.1997	2897.0067	2109.6143	2897.3044	1352.267	1289.1955	2818.1112	4047.7696	1622.082	3028.5739
NCR3	ENSG00000204475.10	protein_coding	1.7676	3.4471	3.5343	0.2622	0.4714	0.7155	0.0913	0.682	1.6172	0	0.2754	0.8524	0.1038	1.1371	0.8794	0.267	0.6684	1.1485	0.3789	0.2459	1.0511	0.3174	1.0298	1.0045	0.19	1.9426	0.946	0	0.2116	0.3105	1.0345	0.4528	0.8979	0.1576	2.1085	0.0691	1.4281	1.0734	0.079	0.3755	0.4636	0.4193	1.1488	0.553	1.3553	0.0992	0.4116	0.9799	2.0272	0.5176	0.2029	0.5209	3.7316	0.8799	0.4837	0.4367	0.6522	0.6838	1.1843	0.8403	2.2657	0.1673	0.4673	0.8776	1.3801	0.7579	0.3882	0.5198	4.0298	0.9335	1.2481	0.6902	0.1413	0.0817	0.4583	0.0416	2.0431	0.567	0.0544	0.8783	0.6231	0.786	0.0978	0.0934	0.0663	0.3988	1.2978	1.2479	1.7964	0.7751	6.3998	0.9256	1.0069	0.5257	0.393	1.0035	0.9711	2.3717	1.8211	3.2713	2.7145	0.661	1.917	1.2613	1.2246	2.0157	2.0738	2.5461	1.6714	0.7887	1.1787	1.5466	1.9552	2.1598	2.5428	0.8989	1.1258	1.0461	0.5154	0.9778	2.0131	0.0493	3.0518	0.8061	0.8004	1.124	0.7905	1.8738	3.7714	0.3702	0.3518	0.2301	1.4839	1.2525	0.6632	0.7339	3.0356	0.6299	0.4074	0.7543	0.8606	0.5525	1.2746	0.584	0.4985	0.64	2.6799	0.9711	3.4335	0.8362	1.7772	1.4338	1.4627	0.7006	1.0729	1.0057	1.7712	0.4516	0.6923	1.5721	1.245	1.5897	0.9413	1.4977	0.5853	3.271	2.7473	1.9137	1.4202	11.4345	0.85	0.7255	1.1887	1.4806	1.2118	0.8227	3.3653	2.9401
KLRK1	ENSG00000213809.9	protein_coding	0.0381	0.3139	0.3002	0.0607	0.0461	0.1471	0.0616	0.2321	0.0887	0.0539	0.0279	0.0256	0.0547	0.1276	0.0712	0.0746	0.0123	0.0129	0.0451	0.1195	0.073	0.1509	0.0478	0.1333	0.0565	0.2248	0.0851	0.6613	0	0.0252	0.0105	0	0.0227	0.4928	0.2572	0.07	0.0896	0.0938	0.032	0.1079	0	0.0594	0.0816	0.08	0.0818	0.0357	0.1072	0	0.2129	0.1572	0.074	0.0211	0.4031	0.0509	0.0473	0.1715	0.0622	0.1108	0.1227	0.1414	0.3192	0.0169	0.0541	0.5221	0.1939	0.1316	0.0286	0.014	0.0752	0.0913	0.1838	0.0699	0.1202	0.0276	0.1078	0.0337	0.0215	0.0804	0.011	0.418	0.1514	0.078	0.1288	0.081	0.0806	0.119	0.4711	0.1078	0.2762	0.0101	0.099	0.0515	0.0742	0.046	0.0764	0.0498	0.0959	0.1592	0.4811	0.0116	0.0143	0.0618	0.153	0.0315	0.0857	0.0544	0.1014	0.0139	0.4088	0.034	0.1605	0.0537	0.1169	0.0867	0.0999	0.0485	0.0234	0.0748	0.0363	0.0233	0.0713	0.0299	0.0492	0.1088	0.1505	0.1226	0.0886	0.2744	0.0767	0.02	0.011	0.0621	0.0334	0.1015	0.0512	0.1601	0.0248	0.1417	0.1031	0.1091	0.1394	0.1017	0.3526	0.0426	0.0883	0.0707	0.17	0.1015	0.1935	0.3705	0.2021	0.1742	0.2177	0.1734	0.1349	0.295	0.3416	0.1266	0.0914	0.3184	0.1205	0.037	0.0797	0.0824	0.0992	0.0099	0.0669	0.1084	0.1183	0.4787	0.0843	0.3004	0.211	0.2103	0.2636	0.1904	0.2726	0.3241
TNF	ENSG00000232810.4	protein_coding	1.1912	2.4347	3.4627	0.5597	1.2541	46.7099	0.3018	13.1766	3.5279	0.403	0.3795	0.8815	2.0217	1.5704	4.3054	0.4939	0.2009	1.9691	0.262	2.9728	4.7002	0.365	0.3311	0.4454	1.0334	3.6705	0.0386	0.5089	0.0837	0.8822	1.2542	0.1331	0.7422	0.3473	0.4853	0.0889	0.4434	0.2165	0.4643	0.178	0.0639	2.2337	1.2736	0.2902	0.9323	3.3934	0.0648	2.9442	1.5999	0.4516	0.2981	1.1291	5.014	0.3695	1.6054	0.2723	0.2537	2.0934	0.2732	0.304	1.3753	0.0922	1.0055	0.7457	1.221	8.4593	1.141	0.9675	0.5844	1.845	0.7712	0.4649	0.3529	1.5004	0.2281	2.1086	1.2673	2.4788	0.27	0.484	1.6585	1.6148	0.7726	5.7819	5.1892	5.6142	4.347	1.8095	5.8965	4.0973	6.515	2.347	5.112	0.4593	1.883	3.9628	0.7136	1.454	2.0014	0.485	1.0103	1.6963	3.5472	1.1328	3.6106	0.2469	1.2086	0.5815	6.0944	2.2317	0.2016	3.1253	1.3595	0.9208	1.8824	0.3523	1.103	0.5652	0.5598	1.0777	2.1264	1.8465	1.0816	1.3623	1.0922	1.9378	0.6056	1.1121	0.8244	0.9067	1.9487	0.3757	1.1308	0.447	3.6899	0.477	3.312	5.6225	1.6463	2.6527	1.0118	3.0635	1.6219	0.7038	0.6868	3.5486	7.1177	1.5883	2.9837	0.6913	1.2371	2.1862	0.2413	2.6027	2.4195	1.7838	2.7889	1.6591	4.8326	2.4144	2.113	3.2896	5.2545	2.2011	3.5309	1.0942	0.3751	1.9077	0.5462	8.3804	0.752	1.86	0.5692	5.0018	4.3368	1.1745	3.1274	4.0709
PKMP2	ENSG00000235892.1	processed_pseudogene	0.0846	0	0.0279	0	0.012	0.0324	0.0336	0.0267	0.0124	0.0122	0.0253	0.0232	0.0305	0	0.0476	0	0	0	0.0819	0.009	0.011	0.0101	0.0237	0	0.0186	0.017	0	0.0364	0.0239	0.0761	0	0	0	0.0064	0	0.0254	0.0148	0.0155	0.0581	0.0267	0	0.0771	0	0.0145	0	0.0162	0	0	0.0184	0.0238	0.0149	0	0.0131	0.0132	0	0	0	0	0	0.0095	0	0	0	0.0101	0	0	0	0	0	0	0	0.0211	0.0104	0.05	0	0.051	0	0.0208	0	0	0	0	0.018	0	0.0122	0	0.0124	0	0	0	0	0	0.0135	0.0209	0	0	0	0	0.0116	0	0	0.0075	0	0.0114	0	0	0.0263	0	0	0	0.0149	0	0	0.0075	0	0	0.0212	0	0	0	0	0	0	0	0	0	0.0124	0	0.0099	0	0	0	0	0	0	0	0	0	0	0	0	0.0554	0	0.0086	0	0	0	0	0	0	0	0	0.0219	0	0	0.0255	0	0	0	0	0	0	0.0207	0	0	0.0179	0	0.0098	0	0	0	0.0119	0.0098	0	0	0	0	0
MRC1	ENSG00000260314.3	protein_coding	13.7337	24.4439	55.5785	53.162	34.8734	78.4454	4.7574	29.8847	43.2522	1.7419	0.9818	19.3284	1.8161	30.1864	18.8267	134.1244	29.8855	24.0725	30.9788	2.5806	3.2331	19.6374	4.9869	0.5268	2.8124	29.2615	6.2075	0.6761	25.9907	65.2779	14.8192	14.4983	26.5405	3.6698	12.0871	2.998	11.7165	23.3201	12.7028	4.4501	3.8769	10.6825	32.2886	38.1519	6.7232	9.8098	5.9599	150.7987	65.5824	60.1306	12.1977	8.9317	42.4899	9.7389	19.1609	0.5001	23.9605	9.7502	10.4698	17.3586	25.464	0.9344	3.9582	35.9418	16.1656	22.5832	11.8676	31.327	6.2693	2.211	11.5148	16.4039	3.3574	2.2129	13.1908	2.5764	6.9116	16.5635	0.9899	2.0744	4.6862	16.8963	1.9585	18.647	2.1157	26.9286	8.9247	3.0924	107.5204	64.5382	94.101	100.522	80.5566	122.4409	227.9173	120.5697	113.9335	95.2438	116.1956	53.1824	103.1708	120.5789	51.6181	159.4725	225.4233	52.0097	82.2844	65.7277	80.7392	120.7513	169.7355	142.7438	48.333	101.0181	76.8365	109.0344	64.3027	105.1001	148.9747	80.9259	104.365	136.4894	121.9605	157.4345	60.9055	85.2992	86.2719	81.162	24.7244	130.0752	87.994	86.3521	47.5971	42.0485	105.4649	46.6825	148.2392	77.7863	75.1658	372.291	88.7563	25.3205	114.8221	127.8904	56.4374	55.4317	150.1301	64.0152	99.4633	96.9343	46.9791	86.9988	93.8057	128.9164	54.0235	110.2531	74.7679	120.4219	88.2997	141.0009	26.4881	131.8538	90.244	90.8746	131.4882	72.8145	22.7136	100.068	99.9692	72.5209	84.1438	169.2667	45.4157	55.1096	103.6968	138.8761	35.9775	102.0166
