patient_barcode	submitter_id	Project	NOS2	CD4	IKZF2	FOXP3	PKM	TBX21	ENO1	PGM1	GZMB	HIF1A	MMP9	PGK1	GPI	TGFB1	CD33	CA9	IL2	IFNG	IL17A	IL17F	VEGFA	IL12B	CD86	STAT1	EPAS1	SLC2A1	ARG1	CD274	TGFBI	CD80	KIR2DL1	IL1B	CHI3L1	LDHA	IL2RA	IL10	CXCL9	SLC16A3	RORC	S100A8	GZMA	NCAM1	ALDOA	CD8A	SLC16A1	HK2	IL23R	S100A9	CTLA4	CYBB	KIR3DL1	STAT3	IL7R	CXCL10	ITGAM	CD14	CD8B	CD163	PRF1	CXCR3	NCR1	FUT4	FCGR3A	HLA-DRA	NCR3	KLRK1	TNF	PKMP2	MRC1
TCGA-22-4593-01A-21R-1820-07	TCGA-22-4593	LUSC	5.0637	11.2623	1.1568	1.4104	373.1415	0.1122	506.3458	19.5497	1.4063	61.0018	18.8081	286.7913	52.9333	35.6913	0.3857	127.1183	0.0229	0.074	0	0	12.4993	0.0217	1.3111	16.6122	41.227	113.6484	0.0346	1.1873	51.9603	0.0956	0.0151	33.9467	30.0726	183.4846	0.8595	0.1117	3.8948	7.4431	0.0295	34.1094	6.1866	0.3548	3.6543	2.641	17.478	30.1744	0.0199	579.231	0.4307	6.0571	0	37.7498	15.3175	15.7871	2.4217	37.4266	0.5869	5.8714	2.054	0.77	0.0946	0.8346	12.379	169.1092	0.1038	0.0547	2.0217	0.0305	1.8161
TCGA-22-4593-11A-01R-1820-07	TCGA-22-4593	LUSC	0.7924	72.7637	0.7253	0.5648	191.2348	1.4856	494.6454	36.8423	13.1789	48.5352	10.757	158.7394	27.2643	53.0645	4.8163	0.2885	0.0672	0.2071	0	0	9.9619	0.1061	18.7922	33.1664	261.1198	2.8343	0.6781	4.3679	86.724	0.9835	0.2668	25.0699	62.8409	164.0383	1.5001	0.5797	12.7798	13.6151	4.4292	312.1969	18.0949	0.1861	1.2379	9.8413	5.8159	25.574	0.0156	1107.5768	0.9082	146.5914	0.1072	49.6742	50.6209	18.1523	27.8823	182.0909	1.0309	121.212	17.5288	3.9058	0.4897	1.5356	161.8119	3806.0201	0.661	0.0618	1.6963	0.0075	120.5789
TCGA-22-4609-01A-21R-2125-07	TCGA-22-4609	LUSC	1.9507	37.58	1.7651	2.9394	239.7711	0.9781	294.3878	14.8039	19.3224	75.134	86.507	171.3259	42.7127	41.7024	1.2298	198.5979	0.0302	0.7672	0.0361	0.0164	10.1545	0.2429	8.2912	49.945	70.0799	116.4213	1.3017	5.7404	53.4279	0.8622	0	4.856	103.176	201.5835	7.0689	0.4372	63.9343	22.6732	1.0549	278.9379	17.6274	0.1207	5.7395	12.0777	16.1515	66.5352	0.0263	991.4757	2.8969	36.3596	0.0361	30.5167	27.7177	36.0701	7.8996	95.3461	1.3471	39.231	11.4112	3.9191	0.1337	1.2462	67.4941	1391.3182	1.1371	0.1276	1.5704	0	30.1864
TCGA-22-4609-11A-01R-2125-07	TCGA-22-4609	LUSC	0.6903	34.8308	1.1304	0.3298	63.3883	2.4909	158.2898	35.233	13.5966	37.178	6.4402	57.571	11.198	31.2016	1.5794	0.1288	0.0925	0.5129	0.0184	0	15.1688	0.27	6.3198	32.2943	550.3671	2.3268	0.3576	16.0347	18.0708	0.7249	0.1428	16.2033	31.6118	55.878	0.5225	0.4565	29.1813	4.2224	5.1993	76.3102	16.3861	0.466	1.5275	13.2407	1.67	22.6633	0.043	266.3763	1.2819	41.1223	0.3781	51.2913	61.0231	26.3414	8.1774	90.5761	1.5589	23.133	26.5777	2.2979	0.5463	1.4323	51.992	1904.2331	1.917	0.153	3.5472	0	51.6181
TCGA-22-5471-01A-01R-1635-07	TCGA-22-5471	LUSC	0.8291	15.6171	0.2314	4.7034	224.9065	1.5657	409.3867	15.4804	55.6332	49.1544	59.2346	234.6827	69.0609	26.0917	0.6197	19.4118	0	6.2528	0.1187	0	7.7527	0.2976	5.3974	75.4991	15.619	96.8237	0.0584	4.6194	33.0283	0.6569	0.0109	4.1531	25.9347	137.449	2.6355	0.2692	144.04	5.2543	0.1392	83.2601	38.2467	0.0756	1.6681	30.664	16.5529	18.8704	0.0173	310.017	2.8636	11.286	0.0198	36.9549	6.7997	119.1342	6.3731	61.9672	3.0547	4.3905	25.1826	8.7498	0.1759	1.2161	28.5758	921.9833	1.0511	0.073	4.7002	0.011	3.2331
TCGA-22-5471-11A-01R-1635-07	TCGA-22-5471	LUSC	1.1523	59.122	1.0379	0.5565	127.6493	0.9537	207.9027	40.085	4.7215	21.6294	0.744	83.0967	18.6206	38.0259	2.6143	0.3345	0.0924	0.1025	0.1659	0.0402	14.0888	0.1575	11.6179	18.1187	240.2634	3.1031	0.1492	3.6262	33.2501	1.0174	0.2079	5.3357	10.3355	62.1542	0.4439	0.1564	3.3196	9.8923	10.6416	34.6915	7.2506	0.2502	0.978	4.1868	1.79	16.8614	0.0064	159.4501	0.3287	95.2238	0.2212	40.0924	17.8713	2.9934	22.5482	92.8517	0.439	48.9859	13.1713	1.3889	0.4804	1.3966	132.5875	3125.0814	0.7887	0.034	2.2317	0	120.7513
TCGA-22-5472-01A-01R-1635-07	TCGA-22-5472	LUSC	0.7387	22.1101	5.2112	0.408	266.7063	0.4796	368.579	11.9643	3.0386	37.8591	3.3795	111.7428	31.3624	31.3327	0.8685	1.8728	0	0.014	0	0	8.6136	0.0576	3.8116	17.026	69.3853	39.6611	0.0537	1.1389	29.3293	0.3336	0.1006	1.6511	49.4073	109.4767	0.6742	0.1435	3.5494	9.5152	1.9006	162.4617	4.2345	0.0721	1.2664	2.7119	8.2049	15.1623	0.0318	952.2085	0.2147	15.9871	0.0727	31.3331	7.4923	3.7503	2.8087	45.1464	0.419	19.7699	4.7704	1.1879	0.1077	0.7778	40.7332	880.0264	0.3174	0.1509	0.365	0.0101	19.6374
TCGA-22-5472-11A-11R-1635-07	TCGA-22-5472	LUSC	1.4041	70.8197	1.737	0.4791	134.7103	1.9903	227.6556	24.7408	7.2988	30.2234	2.5958	90.332	19.2903	45.3511	3.3591	0.335	0	0.1448	0.0067	0	9.589	0.1378	12.3646	32.1077	262.89	2.6444	0.2033	5.2091	44.9631	1.6299	0.4517	4.2886	35.3134	66.4404	0.7811	0.102	7.4827	9.0636	4.6273	36.4188	9.3965	0.6699	0.7558	9.8824	3.6602	30.0217	0.0663	161.4511	0.3161	105.2091	0.4286	47.881100000000004	31.024	8.5941	17.0419	57.2607	1.5213	88.9738	18.9621	2.9269	0.3306	1.3192	131.0381	2778.9202	1.1787	0.1605	0.2016	0.0149	169.7355
TCGA-22-5478-01A-01R-1635-07	TCGA-22-5478	LUSC	0.875	14.0863	0.9542	1.5773	416.3728	0.3175	570.1231	25.9481	3.1498	54.9269	44.3131	220.5648	56.2054	41.9224	0.4206	30.6001	0.0473	0.2184	0.0212	0	6.5306	0.056	3.5983	24.5534	81.5706	201.7887	0.1609	0.8082	19.6067	0.2841	0.086	1.3495	118.2614	175.2956	1.0817	0.1154	13.3229	23.9384	0.688	141.1487	5.8016	9.6755	2.4907	2.0303	42.1831	60.4451	0.0165	978.5995	0.9395	13.1636	0.0353	29.7008	8.8415	8.9044	3.0487	52.3386	0.1854	8.6437	3.2831	1.6268	0.0768	1.3579	21.9934	543.62	1.0298	0.0478	0.3311	0.0237	4.9869
TCGA-22-5478-11A-11R-1635-07	TCGA-22-5478	LUSC	1.0342	59.2712	1.2831	0.5164	96.216	2.0134	161.4225	37.0554	12.3664	18.786	7.2189	81.8011	14.5129	45.6217	3.2737	0.1017	0.1217	0.6299	0	0	15.0023	0.1152	12.6544	34.8273	589.5539	1.9339	0.1964	8.893	29.4157	1.2082	0.8695	8.6101	11.2722	48.2096	0.416	0.1228	28.8067	8.4518	8.9123	76.6834	15.5673	0.2128	0.7648	4.128	1.7175	25.0746	0.0382	284.0526	1.0502	124.8997	1.0484	43.7518	60.6831	18.1657	18.3606	92.5313	0.387	49.5173	25.7768	5.6183	0.7332	1.6389	140.243	3524.9758	1.5466	0.0537	3.1253	0	142.7438
TCGA-22-5481-01A-31R-1949-07	TCGA-22-5481	LUSC	0.8252	12.5067	0.7973	2.1451	291.0885	0.6589	920.1767	13.1045	14.3316	23.4181	17.7155	109.7846	145.3329	10.86	0.3395	395.7068	0.0191	1.1285	0.0799	0.1037	10.176	0.1355	2.6218	39.2999	5.7052	18.1606	0.0962	14.0088	14.6545	0.4253	0	0.5181	16.0137	124.5041	0.7545	0.118	47.4328	2.5002	0.2163	5.1527	15.6101	8.4027	1.2715	10.1131	4.6353	20.159300000000002	0.0199	21.0183	0.9679	6.0181	0	47.1465	1.9048	87.0139	4.9668	25.9146	1.3996	3.6354	6.6317	5.5047	0.0676	0.5004	15.1317	982.8865	1.0045	0.1333	0.4454	0	0.5268
TCGA-22-5481-11A-01R-1949-07	TCGA-22-5481	LUSC	1.1623000000000001	43.7776	0.7561	0.4666	98.769	2.2806	199.9187	31.0258	9.7238	24.9086	7.605	71.699700000000007	16.3872	36.5132	3.8696	0.1308	0.2603	0.2672	0	0	12.9753	0.2875	7.2872	20.429	352.3009	2.5368	0.124	8.011	17.2678	0.9568	0.3729	4.1135	34.9524	59.0349	0.6738	0.0988	17.0879	6.2215	8.8731	66.1167	17.0283	0.6974	0.6127	10.8412	2.5454	21.1418	0.0604	293.5766	0.3931	50.203	0.5275	46.1208	35.8666	13.1227	13.8471	90.1365	1.7776	25.2919	23.8839	5.1615	0.4696	1.0441	65.8109	2473.8544	1.9552	0.1169	1.3595	0	48.333
TCGA-22-5482-01A-01R-1635-07	TCGA-22-5482	LUSC	0.103	9.1084	0.4607	0.5923	472.5038	0.1309	863.7603	22.5417	2.9118	52.603	37.7301	245.1746	83.6638	62.2283	0.3085	20.8192	0	0.0645	0	0	12.2367	0	2.5407	16.4979	14.7111	310.6671	0.0422	1.08	204.2035	0.2334	0.0369	5.4876	3.0844	270.2723	0.8832	0.0909	18.9825	15.1853	0.036	246.9665	4.9166	0.0687	1.8359	1.1426	36.1587	68.6029	0.0243	678.194	0.2482	4.4419	0.0167	15.9757	7.0998	20.5542	1.2936	28.2859	0.0917	3.444	2.4692	0.4363	0.0577	0.9746	11.5515	232.831	0.19	0.0565	1.0334	0.0186	2.8124
TCGA-22-5482-11A-01R-1635-07	TCGA-22-5482	LUSC	1.7904	79.587	0.7861	0.6594	92.4876	4.4695	155.5748	42.8671	15.0009	23.1966	5.2053	77.8855	17.2463	55.8998	2.9664	0.1484	0.0674	0.4253	0	0	14.5349	0.1594	8.3476	32.4197	546.0161	3.2648	0.1472	8.354	28.2371	0.9461	0.4751	5.999	24.5703	45.6881	1.1921	0.1388	27.1796	5.4636	4.1268	37.8821	21.8846	0.7643	0.6988	8.3675	3.2994	16.2061	0.0313	217.8217	0.7161	59.0925	0.8997	41.8125	67.9118	33.1519	12.248	108.1378	0.9233	48.2784	31.4389	5.1339	1.1269	1.5964	106.1719	2490.9189	2.1598	0.0867	0.9208	0.0075	101.0181
TCGA-33-6737-01A-11R-1820-07	TCGA-33-6737	LUSC	0.6857	20.5767	1.081	1.7905	275.8475	0.5746	666.7272	35.6216	9.2713	68.0753	11.1874	215.234	88.4481	19.2526	0.7273	1.5602	0.0133	0.5919	0.0958	0.029	18.3289	0.0442	3.1631	20.6197	105.713	146.157	2.2141	3.1845	26.6549	0.4508	0.5296	5.0176	35.4046	306.4729	1.3984	0.1303	15.5827	52.5211	7.5665	2029.8981	15.767	0.1184	2.6989	4.3346	27.3179	15.3676	0.0418	8957.8196	1.6888	9.1889	1.293	33.1449	5.3632	11.5021	3.0954	59.8341	0.2772	13.8447	7.3897	1.0747	0.2601	13.6199	28.3602	381.0711	0.3755	0.1079	0.178	0.0267	4.4501
TCGA-33-6737-11A-01R-1820-07	TCGA-33-6737	LUSC	0.951	61.8223	0.9886	0.8911	78.4876	2.9017	130.7677	21.0659	19.4312	31.1695	1.6838	74.8931	12.7157	43.0771	1.9052	0.1969	0.1638	1.3763	0	0	7.3051	0.2186	7.1236	44.7913	712.7603	3.0744	0.0976	6.8932	18.4424	0.9752	0.4827	5.9157	12.2959	55.5331	0.6689	0.2181	28.2514	2.8437	2.9258	98.8802	30.3765	0.4737	0.3047	11.8621	3.2364	7.9224	0.1452	337.327	0.7321	36.4657	0.9264	40.7145	112.4282	39.8308	9.3562	121.9894	1.1745	14.7668	51.4774	6.973	0.9499	1.0288	65.4145	1923.4022	3.7714	0.0767	0.8244	0.0099	24.7244
TCGA-34-7107-01A-11R-1949-07	TCGA-34-7107	LUSC	0.1544	15.6716	0.4155	2.0997	190.8873	0.219	200.0046	7.3314	3.2467	44.8902	25.0315	159.3031	97.6084	73.564	0.4985	1.1591	0.0156	0.3596	0.0093	0	7.0465	0	3.9935	53.4943	31.0239	110.0542	0.1962	14.798	51.0815	0.3741	0.0103	2.0376	15.4192	97.1745	1.5783	0.1671	22.7619	6.1008	0.147	13.6259	3.8686	0.1641	2.179	2.4394	23.0781	17.6568	0.0379	66.9986	0.9442	13.0588	0.0186	20.2764	1.4091	26.2685	3.9749	47.1185	0.2442	14.1953	2.8085	1.3845	0.0643	1.4144	38.6465	357.3716	0.1413	0.1202	0.3529	0.0104	3.3574
TCGA-34-7107-11A-01R-1949-07	TCGA-34-7107	LUSC	0.6709	95.6279	0.5835	1.2703	119.49	1.0986	206.4032	21.1762	6.2752	56.6773	7.7061	75.306	25.5235	66.3753	4.0234	1.9476	0.0805	0.4837	0.3492	0.1312	9.2518	0.2192	15.1817	28.8947	319.6605	9.2007	0.2132	9.68	43.8427	1.2131	0.1465	20.5384	106.4802	81.9149	3.446	1.0613	26.6346	10.5792	2.5756	155.4852	14.1819	0.75	1.0827	10.8475	5.6118	18.5022	0.1613	695.1291	2.1793	74.1509	0.0361	40.5091	30.1835	17.794	21.3655	225.8201	1.4895	101.3911	10.3345	4.0656	0.2497	1.3349	149.9882	3081.0584	1.5897	0.037	3.2896	0	131.8538
TCGA-34-8454-01A-11R-2326-07	TCGA-34-8454	LUSC	2.5091	33.4818	3.364	7.0935	282.4635	0.7347	458.7709	21.5072	33.4709	84.5607	26.8129	135.3058	42.5128	55.8655	0.6936	37.051	0	0.8301	0	0	8.3394	0.1562	6.7809	47.4595	41.2399	120.3252	0.2866	1.7979	18.4076	0.3448	0.1334	2.4068	32.131100000000004	187.6973	2.8635	0.3758	36.1127	11.7113	0.6265	2029.0436	35.9485	0.1997	2.4004	7.9803	28.949	15.2534	0.0639	5903.1247	7.2764	23.3764	0.0658	47.2535	8.9799	94.4952	3.9495	82.7357	0.7967	9.9069	19.1552	4.3301	0.563	0.7483	25.4924	712.7776	1.2479	0.10780000000000001	1.8095	0	3.0924
TCGA-34-8454-11A-01R-2326-07	TCGA-34-8454	LUSC	2.3304	56.6852	1.3281	2.7604	84.981	2.7523	130.222	24.6838	8.8223	23.148	35.1603	56.6193	14.3022	38.4971	2.161	0.167	0.0873	0.7054	0	0	16.2323	0.1652	10.2832	21.303	404.7998	3.7642	0.088	3.6957	29.738	0.7141	0.5193	10.1398	11.3369	42.4015	1.3553	0.3265	19.1572	4.3139	5.5057	24.4906	14.5742	1.5676	0.663	7.7732	3.3428	11.4453	0.0456	105.6421	1.7451	45.2295	0.3653	30.1817	58.0369	11.8822	16.4997	110.5045	1.0727	24.5008	22.208	4.0244	0.9789	1.3334	61.5003	1622.082	3.3653	0.2726	3.1274	0	35.9775
TCGA-38-4625-01A-01R-1206-07	TCGA-38-4625	LUAD	0.1297	22.1273	0.6257	1.2537	213.6401	0.3565	554.9222	28.5508	8.3475	60.5749	44.9975	221.3631	33.9795	12.7173	1.1289	162.3733	0.0306	0.8011	0	0	12.5566	0.0241	8.0027	84.2101	43.0662	43.0396	0.072	32.2944	85.708	1.2042	0.0135	4.8512	291.5977	316.9908	5.0584	0.9193	24.0455	12.5423	3.6689	31.1009	8.8528	0.0923	4.4323	7.4752	3.1948	15.0194	0.0178	311.2595	0.8853	27.8296	0.0427	31.5315	13.2406	92.4602	4.3521	109.5666	0.4735	59.0024	7.6646	3.8003	1.1503	0.7196	59.8295	1331.7667	0.8794	0.0712	4.3054	0.0476	18.8267
TCGA-38-4625-11A-01R-1758-07	TCGA-38-4625	LUAD	0.275	46.9328	0.8235	0.1867	97.5945	0.5705	186.0292	27.4937	3.2114	21.5748	2.622	93.7734	15.6353	55.2187	5.5882	0.203	0.1201	0.0317	0	0	8.583	0.1381	13.7481	19.843	359.9296	2.9001	0.3548	5.6507	32.8026	0.7291	0.0567	7.2041	13.611	59.5027	0.6639	0.1787	1.217	10.235900000000001	5.3915	119.081	6.7287	0.2186	1.5896	4.0806	1.8102	28.1095	0.0299	690.6431	0.1705	144.2023	0.2976	32.3672	34.5224	3.0394	13.4011	171.6731	0.5492	56.6171	8.9444	1.1755	0.1216	1.3911	128.2725	4867.5213	1.2613	0.0315	1.1328	0.0114	159.4725
TCGA-38-4626-01A-01R-1206-07	TCGA-38-4626	LUAD	0.2348	51.3123	0.8607	1.2397	135.7403	0.4195	376.3021	22.7108	7.5309	84.2974	7.455	96.2437	20.5868	32.1728	4.0337	0.1765	0.0406	0.1594	0.0061	0.011	18.5964	0.2593	16.6012	32.1023	129.2575	5.3296	0.1023	5.3779	103.6243	1.3391	0.3086	2.426	89.7881	93.6959	5.1634	1.4558	5.0986	13.0773	3.9596	106.2765	6.6773	0.1524	2.1881	4.1218	3.9993	33.4038	0.0283	539.0622	1.3475	109.2967	0.3155	48.6974	41.0449	14.5507	32.2716	183.1853	0.4258	247.142	6.0009	1.4694	0.1977	1.3322	117.5717	1904.9346	0.267	0.0746	0.4939	0	134.1244
TCGA-38-4626-11A-01R-1758-07	TCGA-38-4626	LUAD	0.1144	52.7633	1.6007	0.4229	122.9	1.0866	233.502	27.9788	10.4505	33.1978	2.442	117.3439	20.5427	64.5554	8.2991	0.1623	0.1666	0.2617	0	0	8.2287	0.2366	23.2033	17.2203	299.4789	6.4094	0.3948	9.1485	54.5124	0.9109	0.628	20.581	15.7705	70.9613	2.1126	0.7914	3.7675	17.6314	3.9646	127.2918	11.6928	0.1361	2.1957	5.9245	2.1951	20.9445	0.0174	915.1098	0.4356	185.2254	0.5978	32.3438	41.7398	8.5673	24.4625	258.0222	0.9287	127.7103	15.7397	1.3215	0.2558	1.7383	159.67	5278.8198	1.2246	0.0857	3.6106	0	225.4233
TCGA-38-4627-01A-01R-1206-07	TCGA-38-4627	LUAD	0.7025	52.1001	1.163	0.9529	240.8836	0.3139	529.8266	21.8584	6.0265	53.6334	34.0201	228.0416	24.4383	39.0722	2.1003	7.2334	0.0502	0.1547	0	0	10.8932	0.0872	11.0352	41.0926	50.5971	16.7108	0.0844	1.6915	133.262	0.752	0.0111	1.2076	5.2631	217.8008	3.3328	0.3322	6.2817	19.2948	1.9572	38.8261	14.5282	0.747	4.0013	2.9118	7.8698	7.1179	0.0291	2327.5393	0.5164	46.814	0.02	32.3244	20.7678	14.4579	12.7895	209.5406	0.4435	42.3009	3.444	2.1124	0.0099	1.5704	106.2758	2112.0201	0.6684	0.0123	0.2009	0	29.8855
TCGA-38-4627-11A-01R-1758-07	TCGA-38-4627	LUAD	1.199	71.3251	0.5934	0.2685	111.1818	1.5254	248.5192	30.2431	15.6961	39.7365	1.4186	133.6359	14.7358	54.7393	3.6604	0.0859	0.2961	0.3421	0	0.0536	6.6344	0.1402	18.6564	24.9553	218.9847	1.9498	0.1618	7.1054	48.9105	1.358	0.2122	4.6622	11.7998	98.363	0.8782	0.3613	13.0124	9.3249	2.4789	143.9948	22.0365	0.5594	1.5073	6.3943	3.3052	9.8132	0.0602	641.1213	0.5162	62.4699	0.369	29.3126	52.0511	48.7669	10.7392	208.8385	0.7742	45.5707	19.2362	2.9365	0.3643	1.2215	149.648	3772.0243	2.0157	0.0544	0.2469	0	52.0097
TCGA-38-4632-01A-01R-1755-07	TCGA-38-4632	LUAD	0.2593	29.8054	0.8902	2.664	270.048	1.5434	541.3897	39.6436	15.1095	73.9963	17.3269	320.0253	52.6822	53.519	1.8301	0.3914	0.0352	0.6821	0	0	27.5652	0.416	14.1798	45.8209	58.514	47.8275	0.1064	5.8409	103.2636	2.7301	0.1162	3.5818	308.7371	150.7141	5.659	0.3546	25.1737	14.9503	7.7619	18.8949	8.7362	0.0216	3.0819	7.16	10.1561	13.732	0.0245	270.9506	3.0696	38.7505	0.042	22.8962	12.5976	62.0989	7.0261	111.5363	0.9538	16.2142	4.6708	3.4011	0.0623	3.4018	66.4001	2370.1781	1.1485	0.0129	1.9691	0	24.0725
TCGA-38-4632-11A-01R-1755-07	TCGA-38-4632	LUAD	0.3107	86.345	0.8753	1.4	134.2611	1.3436	312.512	21.0215	24.871	56.4971	45.2568	121.8243	19.418	36.6309	6.0947	0.0274	0.0788	0.5825	0	0	5.5907	0.1119	31.8625	55.7334	126.4492	4.3993	0.457	14.37	79.9468	1.7563	0.7817	4.2636	22.063	85.8662	10.4152	2.1665	33.8993	9.8183	7.9893	159.2268	32.6714	0.1558	2.2107	13.1581	4.7294	18.7655	0.096	1104.6301	1.4833	158.1076	0.377	36.8097	62.981	60.033	23.6788	291.0847	1.2945	158.8562	19.0494	4.0961	0.3722	1.9864	160.8801	5578.3521	2.0738	0.1014	1.2086	0.0263	82.2844
TCGA-39-5040-01A-21R-2125-07	TCGA-39-5040	LUSC	1.134	9.3128	1.9064	0.5601	101.7201	0.2888	337.0369	45.233	2.8368	29.4232	6.7112	41.0547	27.8807	9.4669	0.1979	0.2829	0.0135	0.1127	0	0	6.9375	0.0449	1.8131	59.0603	230.2327	164.2004	0.0478	4.4401	5.6153	0.4247	0.0179	0.4938	1.8395	101.9101	0.8343	0.2249	14.8929	3.0324	0.0954	19.3141	2.5044	0.0833	2.2096	2.3571	90.0835	25.4689	0.0189	427.9749	0.9423	5.3058	0.0405	19.6681	6.639	8.1294	1.5967	17.7288	0.3389	7.2329	2.3724	0.7899	1.0081	4.2566	23.1964	244.3465	0.2459	0.1195	2.9728	0.009	2.5806
TCGA-39-5040-11A-01R-2125-07	TCGA-39-5040	LUSC	0.6939	28.4055	0.9403	0.2016	75.4946	1.6516	158.0472	35.3168	17.0857	39.4348	1.6562	133.3611	9.8593	22.8073	3.4947	0.0846	0.2606	0.4816	0	0	21.9315	0.4194	11.6583	19.3941	426.0412	1.6902	0.1928	13.9709	22.7372	2.8198	0.4481	18.2788	13.1694	92.914	0.79990000000000006	0.5879	12.0411	5.6324	4.0602	79.6877	25.1269	0.1877	1.3202	14.685	1.9197	5.9824	0.0787	432.5731	1.2174	36.9373	0.5507	34.7223	47.9749	44.7742	4.2726	89.0928	2.3128	30.1608	21.1174	1.065	0.5951	0.8985	106.57	4329.1601	1.6714	0.4088	6.0944	0	80.7392
TCGA-43-3394-01A-01R-0980-07	TCGA-43-3394	LUSC	3.8371	10.5196	0.8902	0.7111	343.6154	0.1215	474.0695	20.25	2.1932	45.3563	21.5329	378.107	148.7928	16.2267	0.4771	4.5721	0.0335	0	0	0	16.2727	0.2063	3.1704	13.2091	14.472	153.1843	0.0507	4.7618	32.693	0.3561	0	2.9669	29.7804	256.4533	0.9988	0.3054	2.6492	9.2554	0.8864	26.2906	3.2444	0.1266	2.405	1.8638	17.3397	42.0956	0.0117	148.9267	0.8151	7.3605	0	28.9557	7.0253	4.0383	2.4763	36.2694	1.3856	4.8153	0.9087	0.3928	0.0099	1.1515	17.1926	426.8409	0.0913	0.0616	0.3018	0.0336	4.7574
TCGA-43-3394-11A-01R-1758-07	TCGA-43-3394	LUSC	1.0688	35.3515	1.3885	0.4527	102.3859	1.2863	154.8509	35.3646	11.4393	38.4717	4.9105	60.2798	15.427	47.6387	3.5618	0.1638	0.0999	0.2769	0.0085	0	18.5866	0.1047	14.927	23.4935	551.2934	6.0575	0.1619	7.4424	24.3036	1.1776	0.1887	13.7076	38.935	58.004	1.0779	0.1323	6.8463	5.2817	7.914	46.5337	7.0026	0.3409	2.2787	7.8595	2.9809	23.3124	0.0447	341.8024	0.4402	114.0333	0.2475	41.2975	67.2076	6.223	13.1149	101.4486	0.6759	40.9439	17.3189	2.0235	0.5982	1.2898	93.6907	2325.9104	1.0035	0.0498	3.9628	0	120.5697
TCGA-43-6143-01A-11R-1820-07	TCGA-43-6143	LUSC	1.3224	11.3331	3.3825	1.1786	145.9939	0.1809	519.6867	8.151	3.4116	69.1543	22.0712	105.7151	66.7855	12.4233	0.7316	93.7613	0	0.107	0	0	8.3766	0.0411	2.5499	54.195	22.569	95.5562	0.0827	1.9048	99.6424	0.2587	0.0064	0.6708	8.6941	78.8458	1.0869	0.2197	9.761	4.7028	1.4789	7.5467	5.264	0.9745	2.6412	1.1328	10.1817	22.2135	0.0269	51.0268	0.817	8.178	0.0173	23.045	3.0371	16.3871	2.0474	22.4113	1.4066	7.2591	3.5362	0.5565	0.1709	0.5415	14.7617	219.9648	0.1576	0.4928	0.3473	0.0064	3.6698
TCGA-43-6143-11A-01R-1820-07	TCGA-43-6143	LUSC	0.3066	77.9847	1.0882	2.0502	110.6985	2.5625	237.1276	24.6788	5.8292	32.2073	12.516	74.6966	19.3517	51.2965	3.7201	1.2943	0.0893	0.165	0	0	10.7034	0.4578	13.7191	16.6124	147.559	2.9353	0.1876	3.0479	35.2697	0.6892	0.1771	4.4322	27.4479	65.9986	1.7776	0.5665	9.4677	9.6434	6.0524	47.9503	22.1689	0.6706	0.7349	11.0144	6.1723	24.1759	0.0725	212.1487	2.2485	86.5835	0.2581	37.5842	19.1198	6.1498	19.4249	107.9316	1.4508	63.0178	23.6194	5.5887	0.6063	1.2723	128.7819	3332.785	3.0518	0.0492	1.0816	0	121.9605
TCGA-43-6771-01A-11R-1820-07	TCGA-43-6771	LUSC	0.0525	13.9565	0.544	1.6558	503.312	0.3417	1003.3633	39.4791	4.883	192.6724	19.7795	301.5054	47.6785	104.2543	0.5026	86.2963	0	0.303	0	0	16.8395	0.0747	2.8706	69.9988	44.1894	263.978	0.049	5.4054	171.295	0.6556	0.0161	3.8886	2.0164	900.5843	2.1643	0.2529	26.9874	24.6021	2.1979	5284.6392	7.4015	0.1003	7.6839	3.793	37.4976	98.515	0.0127	14789.4117	0.762	9.9989	0.0291	53.4324	13.0547	33.7718	3.3903	90.5183	0.4659	12.4118	4.5767	1.3648	0.0359	0.5562	25.3541	538.9343	0.0992	0.0357	3.3934	0.0162	9.8098
TCGA-43-6771-11A-01R-1820-07	TCGA-43-6771	LUSC	0.6905	57.4792	0.5971	0.2482	99.17	1.0879	255.9932	21.0323	12.0789	74.3119	5.2622	81.662	16.8795	58.5791	3.0458	0.0323	0.0348	0.761	0	0.063	30.4565	0.1812	14.5855	23.9574	494.6513	5.8563	0.3685	31.2757	27.6211	1.7614	0.1074	26.7029	18.9901	109.5406	1.5857	0.2755	9.2899	16.6861	2.2547	182.9355	12.4155	0.1661	1.5425	5.0406	3.5504	22.5195	0.0283	533.9882	1.8076	61.959	0.1526	59.1486	38.3398	9.821	15.5889	147.4321	0.4721	41.0285	12.532	2.1471	0.2329	1.4504	136.7783	2831.7633	0.6632	0.0512	3.6899	0	105.4649
TCGA-43-7657-01A-31R-2125-07	TCGA-43-7657	LUSC	1.0911	8.5553	0.2112	0.2719	309.0371	0.1854	385.0376	18.1001	1.8674	32.0702	69.9406	151.3237	85.8456	49.4899	0.3146	3.4129	0	0.0277	0	0	20.8335	0.1207	1.4942	19.3286	28.1011	277.4071	0.0151	0.5107	213.9517	0.141	0	0.937	5.8189	148.258	0.3304	0.0927	2.7718	26.1839	0.067	4.2381	1.4235	0.083	5.9347	1.1559	37.0037	41.3531	0	28.6451	0.2196	3.1149	0	28.223	2.0435	2.6281	1.5195	26.3556	0.2925	4.1329	0.5132	0.4326	0.0177	0.6952	11.8558	296.8707	0.0544	0.011	0.27	0	0.9899
TCGA-43-7657-11A-01R-2125-07	TCGA-43-7657	LUSC	1.7818	56.7955	1.1203	0.5668	91.7707	1.6658	168.4798	28.6024	5.0169	25.4482	7.2827	68.6077	16.1131	39.7913	2.8611	0.2155	0.0885	0.327	0	0.016	13.2158	0.1954	7.7824	34.3378	305.0716	2.9913	0.119	8.849	21.5601	1.0682	0.0975	5.621	24.2338	55.1899	1.3577	0.1775	24.5811	5.706	7.953	44.6507	16.8508	0.4936	1.4695	7.739	4.6382	17.1283	0.077	264.8214	1.1797	56.7745	0.4145	38.8187	36.853	29.7017	10.9252	74.9852	1.1659	63.6542	11.5271	4.3512	0.2699	1.4842	84.4	2279.1061	1.9137	0.1084	1.9077	0.0098	100.068
TCGA-43-7658-01A-11R-2125-07	TCGA-43-7658	LUSC	0.9201	16.0771	1.6623000000000001	3.676	117.1217	0.691	327.5631	10.9108	8.4236	21.8734	12.9403	110.6056	29.1924	8.5603	0.435	42.4889	0.0242	2.0792	0	0	5.3573	0.3722	3.6393	57.8746	6.077	22.8028	0.0488	2.1716	8.0255	0.4635	0.016	1.1427	15.1795	126.7604	1.1378	0.2008	62.5868	6.0793	3.1179	11.2582	16.2416	1.5188	3.6981	16.7073	8.4243	13.4343	0.0379	67.3316	2.1571	12.8905	0.0145	18.7537	3.3708	148.1948	1.5398	34.418	1.8745	5.0866	11.0104	5.2491	0.1857	1.6153	25.907	609.9679	0.8783	0.418	0.484	0	2.0744
TCGA-43-7658-11A-01R-2125-07	TCGA-43-7658	LUSC	0.4725	45.2661	1.3251	0.3818	92.2712	1.8455	159.8011	38.5688	6.2402	18.3741	4.1896	79.6358	13.2691	32.9878	2.4378	0.0712	0.0878	0.3784	0	0.0159	23.58	0.3531	11.923400000000001	29.2445	374.1968	2.3631	0.295	4.9042	25.3391	1.2429	0.1644	3.6985	13.816	49.4234	0.4709	0.0238	10.8475	7.8032	10.7458	76.0994	12.512	0.2416	1.9875	4.1492000000000004	1.1524	18.7637	0.0255	273.053	0.5889	59.6136	0.2712	35.2349	41.0646	18.511	14.3491	94.4126	0.2697	30.216	15.0076	1.8985	0.2505	1.256	125.1807	2793.1997	1.4202	0.1183	0.5462	0	99.9692
TCGA-44-2655-01A-01R-0946-07	TCGA-44-2655	LUAD	0.1906	20.7491	1.4139	1.2955	256.3004	0.3488	460.5687	29.8472	1.8462	35.1956	4.4717	126.5624	13.0591	9.9526	0.8979	0.1444	0.2074	0.0852	0.0345	0	4.9624	0.5728	3.9622	20.9491	79.0247	7.5048	0.1046	1.1615	15.2557	0.4857	0.0229	1.62	29.0247	149.7846	0.9114	0.2437	6.1608	11.5512	14.6433	11.1881	6.8942	0.1114	1.4381	2.5504	1.3159	3.3929	0.0321	786.2534	1.3017	14.5055	0.0276	37.9092	10.2183	5.3011	1.9906	39.4472	0.2321	6.6376	2.1664	2.0639	0.0612	0.6172	21.0501	2758.1253	1.7676	0.0381	1.1912	0.0846	13.7337
TCGA-44-2655-11A-01R-1758-07	TCGA-44-2655	LUAD	2.0956	57.1662	0.8615	0.4496	81.9353	0.9044	132.3231	26.7965	3.4305	22.5411	1.5244	67.0291	15.9582	40.0311	2.3607	0.1438	0.0276	0.2673	0.0412	0	22.1602	0.1109	4.5569	22.9796	415.757	2.6244	0.0973	7.0998	23.3639	0.7149	0.0547	4.7696	13.5682	41.9547	0.2607	0.0762	5.7005	6.5762	7.101	26.1596	7.4497	0.7334	1.1877	5.0003	3.8995	10.3464	0.0096	145.0346	0.3242	30.0945	0.173	36.4825	23.2026	3.6997	7.1359	53.5239	0.3212	23.6998	8.522	2.4506	0.2034	1.4171	65.2541	1617.5844	0.7751	0.0101	4.0973	0	64.5382
TCGA-44-2657-01A-01R-1107-07	TCGA-44-2657	LUAD	0.1049	55.0934	2.1804	3.1602	107.5111	2.5982	504.8191	21.2943	14.454	30.6513	30.4793	121.2764	22.4463	37.6111	1.7535	1.7007	0.1472	1.9861	0	0	9.2032	0.7526	10.6214	61.7809	37.0011	14.9993	0.0445	2.5585	28.059	0.9537	0.37	1.949	33.6334	100.7525	4.8648	0.6898	107.3869	10.0621	8.0637	8.431	37.7279	0.2302	1.394	25.3293	2.5502	12.3094	0.0513	86.3077	3.772	43.8297	0.0352	23.6994	10.9625	67.157	7.4491	98.9427	3.2954	19.6382	27.8576	14.8813	0.4173	1.1909	56.9479	4416.669	3.4471	0.3139	2.4347	0	24.4439
TCGA-44-2657-11A-01R-1758-07	TCGA-44-2657	LUAD	0.6914	69.4386	0.9558	2.8855	107.7229	2.4737	219.1976	36.196	9.2431	25.2607	45.4618	81.6226	20.0516	48.8213	3.6685	0.0341	0.3183	0.7014	0	0	10.7804	0.4057	10.8496	28.7283	196.5809	6.4707	0.0864	4.2953	21.8283	1.39	0.0324	6.5106	111.6737	62.113	3.0428	0.5019	24.9181	6.4099	11.3136	50.616	21.803	0.1785	0.9159	15.2137	3.3272	25.3434	0.0426	326.7802	4.8396	60.2904	0.0879	38.7493	26.639	14.6906	9.87	98.7729	1.6505	33.5479	15.5602	11.8602	0.2603	1.5239	101.9043	4106.531	6.3998	0.099	6.515	0	94.101
TCGA-44-2661-01A-01R-1107-07	TCGA-44-2661	LUAD	0.0639	58.2307	2.1228	5.6029	189.7997	1.1871	360.1768	19.9064	10.245	43.5377	9.1068	171.6263	20.8426	35.2297	4.0231	2.5644	0.5025	1.5864	0.2254	0.0227	4.9241	0.7136	19.5844	48.9276	29.7531	7.7471	0.0528	3.8782	39.7659	2.0782	0	5.1312	63.9823	124.0172	6.286	1.5261	76.3629	8.1356	8.6533	48.0151	58.468	0.3053	1.4135	16.2597	2.3452	10.2418	0.0146	462.5705	6.4266	69.7088	0.0501	29.811	14.5517	129.5677	10.2687	147.3841	2.836	24.0415	18.7395	8.6821	0.2349	1.5274	113.7405	6561.3217	3.5343	0.3002	3.4627	0.0279	55.5785
TCGA-44-2661-11A-01R-1758-07	TCGA-44-2661	LUAD	1.0275	71.1562	0.6856	1.1022	98.2261	2.0373	164.9972	36.0923	3.6792	22.3027	30.5475	75.1387	18.2407	50.6421	3.393	0.1392	0.08	0.7022	0	0	18.6846	0.0947	10.7423	27.1428	209.9211	1.7424	0.0403	5.142	30.6261	0.7452	0.0397	3.7926	56.2042	55.8154	0.9262	0.3514	27.7093	7.1376	8.8105	22.3012	23.2756	0.5569	0.8708	3.464	3.1036	14.7766	0.0418	127.6987	1.1188	60.6494	0.1794	36.4398	14.857	16.1873	13.4031	102.256	0.6273	51.7105	9.4287	9.5058	0.2244	1.3147	84.4233	2784.3537	0.9256	0.0515	2.347	0	100.522
TCGA-44-2662-01A-01R-0946-07	TCGA-44-2662	LUAD	0.1855	58.4759	1.1936	1.9406	261.1573	0.2698	512.494	41.994	6.5465	80.5474	40.3596	322.1628	69.5651	26.5736	3.2697	38.7464	0	0.1017	0	0.0299	65.3006	0.0977	14.2709	27.4371	39.0527	103.5647	0.1596	12.6706	142.3548	0.8625	0	35.4616	747.1893	208.9437	10.5341	0.1746	17.6478	59.9237	5.8538	59.369	5.7732	0.0375	5.5204	1.3835	10.7094	57.1192	0.0623	1120.9448	2.1006	100.5383	0.0329	32.3741	10.6641	33.2011	28.0404	312.163	0.1487	82.1278	2.8858	1.3312	0.1544	1.2095	149.3641	1131.0862	0.2622	0.0607	0.5597	0	53.162
TCGA-44-2662-11A-01R-1758-07	TCGA-44-2662	LUAD	1.9551	67.3642	0.4574	0.5194	97.5187	1.5823	186.5872	54.7259	11.7268	29.3575	4.8607	76.5269	17.4671	48.7089	2.7919	0.0281	0.1412	0.0932	0	0	19.2652	0.105	6.9553	28.8674	443.8187	1.4164	0.234	10.7758	27.1866	1.0047	0.1868	14.5689	48.9196	63.0513	2.2676	0.2954	20.407	7.5547	5.9924	110.4359	12.0174	0.3208	1.0258	5.9081	2.4478	15.9442	0.0211	555.7915	1.8038	52.9177	0.4102	43.5078	39.5826	36.7902	10.501	165.3435	0.4404	34.8717	25.9534	3.346	0.4884	1.1028	60.1494	2569.8715	1.0069	0.0742	5.112	0.0135	80.5566
TCGA-44-2665-01A-01R-0946-07	TCGA-44-2665	LUAD	0.0729	40.5424	1.3591	3.5591	302.8352	0.1756	351.3005	21.0896	1.6761	99.6326	60.8739	164.0261	28.8758	25.2987	1.9489	37.268	0.0537	0.0828	0	0	28.2117	0.0085	9.1844	20.4384	31.1509	37.9546	0.0361	5.6546	345.9814	1.5844	0.0118	3.5702	931.3761	235.275	5.2357	0.4196	4.733	11.6953	7.9776	277.333	5.0777	0.6074	2.2822	1.926	5.1865	8.3584	0.0998	4623.6206	2.2478	23.7944	0	27.9554	51.6576	7.7782	7.3503	201.5315	0.205	19.5634	2.4993	0.958	0.074	1.042	40.2247	2955.6528	0.4714	0.0461	1.2541	0.012	34.8734
TCGA-44-2665-11A-01R-1758-07	TCGA-44-2665	LUAD	0.3345	66.8895	0.6082	0.8855	99.7889	0.5806	186.9859	33.3457	5.4376	40.5774	3.6144	77.3241	21.4782	47.2812	2.6737	0.3486	0.047	0.0289	0	0.017	12.2745	0.0889	7.6297	17.1065	221.7666	1.2236	0.3079	2.5201	30.0631	0.8341	0.1449	2.9224	80.5902	75.8969	1.3706	0.1324	7.0107	8.6192	4.1367	34.2085	5.2981	0.3094	1.2489	2.8669	2.4976	16.6735	0.0109	260.892	0.9659	44.996	0.1404	52.1935	14.36	3.4885	5.1677	56.1866	0.375	34.1606	7.6664	2.192	0.2496	1.353	121.4885	2967.8428	0.5257	0.046	0.4593	0.0209	122.4409
TCGA-44-2668-01A-01R-0946-07	TCGA-44-2668	LUAD	0.8485	35.5193	1.1765	2.1462	265.0188	0.9979	634.7453	30.9859	44.2273	221.9947	161.1867	280.7241	32.8032	22.4997	1.1516	7.4697	0.0243	0.9414	0	0	36.0018	0.1091	11.3805	82.704	44.0467	70.0913	0.0673	9.5217	255.2803	1.9769	0.0722	55.9575	36.604	344.5501	19.5429	0.1697	73.6317	39.3932	6.3394	133.1929	12.8148	0.0852	3.8955	13.3896	5.2604	19.5624	0.0465	2197.3857	4.2365	78.1042	0.1161	31.7531	53.6506	89.1719	13.7845	90.2037	1.067	57.2924	15.9761	6.1301	0.4942	1.8502	96.8678	1660.3301	0.7155	0.1471	46.7099	0.0324	78.4454
TCGA-44-2668-11A-01R-1758-07	TCGA-44-2668	LUAD	1.0928	64.1981	0.7127	0.2701	159.4115	0.7163	352.8268	28.4373	11.0729	58.1911	6.7713	106.0033	23.9929	64.8347	4.6425	0.0241	0.1732	0.032	0	0	10.8871	0.0574	16.6435	16.327	237.5299	4.2731	0.6989	14.0004	65.9982	0.8145	0.3552	13.0325	40.1408	99.1987	2.7692	0.6877	1.3831	23.7662	3.7448	159.3836	2.0769	0.2876	2.2933	11.1132	2.9932	34.7794	0.0181	835.0557	0.6884	159.9764	0.5387	60.3604	33.1823	1.6332	38.0158	143.1136	0.7785	156.5027	12.7177	3.2481	0.1841	1.7052	163.4558	3856.2681	0.393	0.0764	1.883	0	227.9173
TCGA-44-3396-01A-01R-1206-07	TCGA-44-3396	LUAD	0.8819	42.1569	1.6443	4.0729	258.4316	0.6578	437.9468	25.0699	13.9139	111.4141	85.9439	207.3991	23.9151	39.3147	1.9159	27.7933	0.0802	0.2963	0.012	0.0218	55.2862	0.351	9.0526	48.6782	42.9894	18.944	0.3335	9.6128	32.2794	1.3156	0.0331	17.7889	46.0655	207.7777	8.8633	0.2934	55.8293	34.9879	3.1742	55.8217	18.5952	0.0607	2.896	12.3374	2.6666	10.083	0.0593	813.0671	3.8509	53.0598	0.036	36.2284	26.6913	65.2213	8.4761	134.3486	1.2595	35.6225	6.6926	4.2031	0.1479	1.4619	34.6816	1834.8457	0.682	0.2321	13.1766	0.0267	29.8847
TCGA-44-3396-11A-01R-1758-07	TCGA-44-3396	LUAD	2.4166	60.5641	1.1918	0.9842	96.4686	1.8302	161.3937	26.5943	10.0697	34.5322	13.79	75.5864	14.9486	53.0644	3.3678	0.3178	0.1044	0.3015	0.0156	0	12.5627	0.1359	12.763	32.5758	549.8564	4.1154	1.2898	7.0099	34.0893	1.1589	0.2417	6.3623	17.9896	56.6694	1.3637	0.2972	29.3323	10.3251	5.6197	92.7458	14.7494	0.6157	1.4073	11.6572	3.3398	17.993	0.0727	367.7937	2.2996	94.8757	0.5307	50.3784	55.2864	17.6102	24.7614	105.9934	1.076	57.2656	19.0507	4.18	0.3699	1.7907	66.1488	3196.1424	0.9711	0.0959	0.7136	0	113.9335
TCGA-44-3398-01A-01R-1107-07	TCGA-44-3398	LUAD	0.2266	41.3967	2.5285	1.7567	384.5076	0.5064	567.6783	41.563	11.0702	87.1257	20.3978	486.538	37.2755	32.6142	3.4416	156.366	0.3898	0.2573	0.0111	0.0202	35.6268	0.2372	16.4925	26.2564	34.6055	56.1302	0.1591	8.1963	654.7708	2.1528	0.0737	4.8045	155.479	399.2092	4.3042	0.9362	8.155	15.3664	4.2805	108.2858	20.8177	0.075	4.6219	4.9936	6.9305	17.472	0.0517	2385.3998	3.4069	31.9047	0.0999	26.837	25.6122	20.6475	6.5805	101.0836	0.7948	12.8343	5.2134	1.8072	0.1425	1.1896	92.659	5426.2997	1.6172	0.0887	3.5279	0.0124	43.2522
TCGA-44-3398-11B-01R-1758-07	TCGA-44-3398	LUAD	1.6914	51.5238	1.131	0.7514	105.7886	5.2076	170.5557	31.0465	16.8745	20.0684	2.6815	74.8066	14.9398	47.9934	2.8265	2.884	0.0928	0.443	0	0.0168	17.2282	0.1391	11.1012	30.6437	327.947	4.929	0.1014	5.2273	30.1834	0.8725	0.9	5.5954	11.8394	57.4421	0.7643	0.2164	25.3069	8.3562	6.93	73.3903	26.4577	0.629	2.6392	6.2541	8.2339	14.8213	0.07	309.6549	0.9541	76.3776	1.2393	35.5183	28.1688	19.3065	14.9035	84.5026	0.6064	41.0141	42.3247	3.8102	0.9953	1.6707	126.333	2394.9087	2.3717	0.1592	1.454	0	95.2438
TCGA-44-5645-01A-01R-1628-07	TCGA-44-5645	LUAD	0.0519	59.4183	2.1222	5.1096	160.0592	0.7604	348.8159	16.5265	3.1929	27.5896	31.6144	112.6926	16.489	23.753	1.5796	3.777	0.2548	0.1884	0.1219	0.0554	3.6159	0.4945	7.6491	27.7669	38.5219	7.2298	0.1285	2.1656	31.422	0.9762	0	2.9092	15.9485	109.3101	3.1306	0.257	15.8526	4.865	6.563	10.4327	8.2423	0.4007	0.8489	4.1336	2.2181	6.9864	0.1686	57.3764	4.1439	50.3867	0	35.9682	24.9332	14.6332	12.2969	86.909	0.4051	17.5988	3.8389	6.4164	0.0451	1.1812	16.1144	2906.7585	1.9426	0.2248	3.6705	0.017	29.2615
TCGA-44-5645-11A-01R-1628-07	TCGA-44-5645	LUAD	1.4308	43.607	0.9195	0.5459	83.556	3.3336	122.8966	49.8314	11.16	15.8892	17.4582	65.7909	13.1295	41.0751	2.5414	0.2183	0.0418	0.1739	0	0.0227	23.1011	0.1683	6.7804	21.8435	688.2715	1.6874	0.1687	5.6444	18.4011	0.8666	0.3042	3.0715	10.8188	39.398	0.3543	0.0953	5.2711	5.2733	9.4173	28.676	19.5852	0.586	1.4727	4.1209	2.7142	17.2538	0.051	173.8294	0.4811	43.8487	0.2126	30.7419	79.0938	8.8215	6.7051	119.9561	0.3989	23.7559	25.8137	3.4682	0.5433	1.2319	83.9915	2037.6929	2.5428	0.0999	1.8824	0	76.8365
TCGA-44-6145-01A-11R-1755-07	TCGA-44-6145	LUAD	0.2919	33.4671	2.298	2.2533	182.1355	1.7541	396.6659	39.5277	27.2823	70.0333	18.0748	171.4299	38.8921	20.517	0.7549	7.8696	0.1679	1.8106	0.1172	0	5.7779	0.3312	8.038	123.841	62.2842	24.2425	0.0565	7.5409	26.4518	0.5167	0.4628	0.6974	54.5327	241.8184	5.8107	0.255	83.5419	35.1956	18.4417	552.7319	34.1192	0.1426	3.8611	24.6245	3.3358	6.6265	0.0292	2902.0622	3.7616	45.8848	0.2511	50.1473	18.5802	49.7962	7.1203	66.4273	1.8987	35.761	18.2735	4.7943	0.9091	2.5383	103.1402	2221.1045	2.1085	0.2572	0.4853	0	12.0871
TCGA-44-6145-11A-01R-1858-07	TCGA-44-6145	LUAD	0.9414	44.9576	0.9473	0.4187	102.7082	1.8931	248.1713	40.1907	9.2743	38.2553	3.3895	73.9179	15.2928	42.4672	1.9462	0.0618	0.0888	0.2189	0	0	19.4905	0.1121	13.6778	14.6861	352.3812	1.9285	0.8958	9.8469	29.7507	0.8867	0.3916	7.7511	22.4211	85.9069	1.7811	0.289	5.5915	10.0955	4.9768	111.8811	9.1327	0.515	1.2459	5.7045	2.4421	17.2364	0	310.9414	1.0217	63.1009	0.425	50.495	40.5256	8.0638	18.6847	42.5977	0.5585	74.4113	15.7884	1.4234	0.3147	1.3451	155.7017	2644.193	0.8061	0.1088	1.3623	0	157.4345
TCGA-44-6146-01A-11R-1755-07	TCGA-44-6146	LUAD	0.4407	10.1785	2.8391	0.1795	117.7935	0.2029	97.1272	34.3447	0.9815	14.9692	0.6841	79.3304	15.812	14.0343	0.1105	163.8366	0.019	0.0704	0.0114	0	11.7891	0.027	1.2398	20.7827	67.5972	31.1151	0.1632	0.8713	12.6892	0.1326	0.0378	3.6537	10.7322	57.3478	0.1667	0.0186	4.2674	16.8504	9.7393	3.0369	2.7584	0.2693	2.9769	1.8378	4.6828	25.9611	0.305	15.1336	0.2987	4.12	0.0683	39.2455	3.5569	3.6447	1.9815	14.0791	0.2099	1.9822	2.3185	2.6089	0.0675	12.2934	6.9665	295.356	0.0691	0.07	0.0889	0.0254	2.998
TCGA-44-6146-11A-01R-1858-07	TCGA-44-6146	LUAD	1.7226	48.4561	1.0827	0.3883	78.3951	2.0006	138.1854	22.5289	9.2423	22.8608	2.4292	61.001	11.9334	32.4166	1.0972	0.0219	0.0315	0.553	0	0	24.5213	0.2087	8.7884	29.0443	264.3405	1.0445	0.1906	6.186	24.0787	0.8666	0.1666	7.0281	3.3852	46.6402	0.5249	0.3177	27.5609	5.4683	8.9291	44.818600000000004	17.4262	0.5617	0.8745	13.9642	2.5845	19.4632	0	164.603	3.1128	48.192	0.2637	35.3212	25.7786	20.4275	14.2582	50.4091	1.549	27.8935	16.853	5.4137	0.372	1.3205	82.4426	1924.745	0.8004	0.1505	1.0922	0	60.9055
TCGA-44-6147-01A-11R-1755-07	TCGA-44-6147	LUAD	0.4285	31.4287	2.6907	1.7358	78.4367	0.8597	234.7069	14.3314	4.271	38.0547	38.644	69.4147	23.502	33.1579	0.6558	1.095	0.1773	0.0614	0	0	15.4616	0.1888	5.3251	36.8981	90.8395	12.625	0.2012	0.9116	25.5874	0.5094	0.0293	0.4121	17.3741	79.8671	2.3035	0.2596	27.1534	6.1414	6.1915	11.0223	4.7331	0.3193	1.82	5.3683	2.2659	8.9093	0.0309	175.0721	3.1174	17.6236	0	38.3286	19.0161	11.5452	4.9748	35.1686	0.5168	16.5903	3.3979	3.0367	0.0916	1.6045	18.0836	1264.5648	1.4281	0.0896	0.4434	0.0148	11.7165
TCGA-44-6147-11A-01R-1858-07	TCGA-44-6147	LUAD	1.3511	34.7408	0.8318	0.1295	74.8536	2.0814	219.8291	35.5689	15.2811	74.9789	10.9073	75.4662	11.3172	35.0626	1.4319	0.0166	0.0953	0.044	0.0142	0	21.7007	0.0789	7.6537	17.5326	538.8003	2.4299	3.4591	35.2032	17.7071	1.0535	0.3623	16.5901	21.9605	98.1954	1.6145	0.527	8.1182	9.1896	2.192	218.3921	7.9718	0.4394	1.239	3.7587	5.6561	18.325	0	636.07	0.8843	31.55	0.2707	74.4277	53.2954	6.5099	8.5279	66.9538	0.2979	52.9835	25.3502	1.9896	0.9283	1.9487	49.2551	1651.9831	1.124	0.1226	1.9378	0	85.2992
TCGA-44-6148-01A-11R-1755-07	TCGA-44-6148	LUAD	0.0708	25.2793	2.1584	0.6727	125.2632	0.5042	262.3638	22.043	1.2507	22.2281	3.3883	55.3679	13.0777	23.1049	1.2552	20.8514	0.116	0.0214	0.0416	0	3.78	0.1537	4.1755	14.6145	37.8253	6.4545	0.117	1.6109	14.4469	0.3312	0.0767	2.4407	13.4116	24.4814	1.2773	0.1434	2.1524	4.3469	7.8527	9.0873	3.0991	1.5098	0.9217	2.7577	2.1798	6.3585	0.0727	68.7958	0.7276	23.8099	0.0139	41.2308	4.0393	2.6062	7.8931	56.1858	2.8316	9.7557	3.1125	1.784	0.1096	1.906	19.4468	1057.9116	1.0734	0.0938	0.2165	0.0155	23.3201
TCGA-44-6148-11A-01R-1858-07	TCGA-44-6148	LUAD	1.3907	53.1273	1.5351	0.3562	90.0314	1.7539	118.32	37.255	6.8051	18.3671	12.8728	58.0236	10.7576	28.4964	2.1276	0.245	0.0556	0.274	0	0.0201	16.193	0.114	7.0054	21.7447	296.0506	2.8471	0.2243	3.0896	25.522	0.7165	0.3677	2.047	5.3897	36.1052	0.5705	0.0543	10.3204	6.5435	9.9858	40.0572	9.8832	0.946	1.002	2.6119	2.1121	12.223	0.0581	148.1011	0.6784	46.1414	0.7426	33.7075	36.0409	8.4542	14.4382	35.5122	0.1493	37.0226	16.7605	3.1186	0.7661	1.3178	79.5065	1806.4337	0.7905	0.0886	0.6056	0.0124	86.2719
TCGA-44-6776-01A-11R-1858-07	TCGA-44-6776	LUAD	0.412	11.8681	1.463	0.6108	178.6334	0.29	348.413	14.0744	1.6698	22.3923	1.3035	74.8173	39.6969	7.9738	0.273	0.3832	0	0.0299	0	0	10.7382	0.1073	0.9176	14.3102	89.0926	6.4726	0.0653	0.8647	8.2953	0.1015	0	0.1807	7.7175	118.6994	0.6679	0.0527	3.5054	8.7707	18.433	3.8242	2.3869	0.3273	1.562	1.8309	0.5344	12.2809	0.0226	23.5964	0.4065	4.7641	0.0387	60.3399	6.8222	2.3446	1.1917	12.2955	0.3021	3.8524	2.3465	1.1291	0.0383	0.7598	6.3718	448.7946	0.4116	0.1072	0.0648	0	5.9599
TCGA-44-6776-11A-01R-1858-07	TCGA-44-6776	LUAD	0.5459	25.7523	1.1004	0.1692	65.5399	2.0815	160.2197	65.7205	6.2649	23.992	0.5959	67.7482	11.024	15.3966	1.7882	0.0433	0.1866	0.0862	0	0	21.5744	0.1767	4.668	22.5734	515.8377	1.1892	0.2039	8.565	16.1947	0.6391	0.1645	3.2385	23.6465	49.454	0.4743	0.0506	8.8361	2.4247	9.0891	11.2492	7.7295	0.4864	0.6453	4.3603	1.8971	20.5532	0	88.4329	0.8294	25.5349	0.186	41.5186	65.8178	9.7742	3.9832	31.2122	0.4747	23.0958	16.8068	0.8972	0.6979	1.39	47.1778	1695.3498	0.7339	0.1601	0.477	0	46.6825
TCGA-44-6777-01A-11R-1858-07	TCGA-44-6777	LUAD	0.8423	112.819	1.5114	3.1148	177.5751	0.583	675.3425	30.419	5.1378	43.7172	85.0659	229.4537	40.2015	60.7653	4.0083	3.7402	0.048	0.1774	0	0	25.7277	0.0227	23.1546	53.3667	49.7662	35.2812	0.0242	5.9934	121.4234	1.4373	0.0317	6.3443	94.8239	235.4431	10.0093	0.5465	28.0068	40.1145	3.5555	35.8597	10.6679	0.2867	5.1189	3.9011	9.9794	89.8223	0.0669	459.3952	1.8569	134.1068	0.1579	32.3498	12.5417	32.4937	43.253	317.1608	0.3865	90.1989	4.9263	5.6814	0.0708	1.8567	236.7494	3460.1875	0.9799	0	2.9442	0	150.7987
TCGA-44-6777-11A-01R-1858-07	TCGA-44-6777	LUAD	0.8766	61.5013	1.0008	0.8576	108.2505	2.434	214.9461	29.7298	9.5656	24.1109	4.3212	81.7605	17.2042	50.7681	3.1764	0.0235	0.0338	0.3746	0	0	10.0313	0.2879	13.3759	28.9258	352.8975	3.1782	0.0682	4.0954	30.8401	0.9531	0.2234	4.6238	20.7976	58.2442	1.3646	0.3408	15.4595	9.9934	6.5554	65.8542	22.4056	0.7391	1.3922	6.8694	3.1463	26.6461	0.0353	329.5059	1.0953	86.6747	0.7274	39.3078	33.4985	12.5164	17.6671	87.0381	0.8021	56.2322	32.7318	4.6903	0.4788	1.248	114.3637	2633.981	3.0356	0.0248	3.312	0	148.2392
TCGA-44-6778-01A-11R-1858-07	TCGA-44-6778	LUAD	0.5752	72.6659	1.4471	3.1898	94.9721	2.5392	263.211	20.6402	20.0326	47.704	37.714	110.8156	25.9722	27.0576	2.3912	0.2495	0.0827	2.2933	0.4783	0.03	7.8412	0.3785	17.1394	86.8607	167.8341	12.3171	0.2086	9.6601	19.2418	1.8248	0.1641	13.8139	36.5746	114.3866	9.3151	1.2203	176.9675	5.5809	3.1677	27.2216	47.4581	6.6988	1.8213	16.2235	14.2229	19.8873	0.0768	173.6779	8.9114	91.1425	0.2309	31.9484	39.321	72.5363	8.2353	150.658	1.3795	93.9063	12.0099	7.4908	0.8142	2.0575	112.2329	2576.1813	2.0272	0.2129	1.5999	0.0184	65.5824
TCGA-44-6778-11A-01R-1858-07	TCGA-44-6778	LUAD	0.5493	46.8918	0.8742	0.54990000000000006	60.5646	1.8518	105.6031	23.3172	10.5188	37.9831	6.6245	74.4197	9.8465	38.052	3.1339	0.1252	0.3856	1.4726	0.1076	0.1396	17.1195	0.2068	12.252	31.1367	675.8238	1.8918	0.2981	17.8128	18.7037	0.9131	0.17	26.5938	10.2208	61.5053	0.9365	0.46	31.2536	6.1113	4.1223	125.9342	22.6643	0.2597	0.8338	10.2263	2.9461	11.8399	0.0358	539.3328	2.7151	80.4859	0.3536	41.8111	86.8837	86.3157	8.6625	141.1483	1.008	18.1189	11.7203	3.2595	0.6375	1.5001	77.6568	2509.4059	0.6299	0.1417	5.6225	0	77.7863
TCGA-49-4490-01A-21R-1858-07	TCGA-49-4490	LUAD	0.4342	18.1271	2.5178	1.6094	195.8648	0.5013	701.3948	26.5499	1.2936	25.9916	20.8245	65.0509	35.3063	37.3766	0.817	6.0716	0.0759	0.0351	0	0	15.4634	0.3053	2.9147	17.9961	30.9268	27.5524	0.0765	0.6717	29.2415	0.1057	0	0.79	26.0144	150.5386	0.4928	0.037	9.7012	20.5841	8.0507	54.1684	4.1217	0.4866	3.7582	2.1301	1.5728	20.4281	0.0132	808.5977	5.2565	5.1326	0	35.0898	4.6609	8.0201	2.9105	44.6638	0.3779	1.4527	4.1134	4.9242	0.0448	2.0737	15.1725	1081.1427	0.2754	0.0279	0.3795	0.0253	0.9818
TCGA-49-4490-11A-01R-1858-07	TCGA-49-4490	LUAD	0.8767	38.2084	0.7053	0.2293	102.6665	2.1566	175.6966	47.5234	19.5843	32.7307	3.5443	153.2555	12.0492	25.9404	3.7011	1.7383	0.0949	0.5259	0	0	9.9789	0.0748	11.8798	28.8272	359.8441	4.5151	0.0957	6.0205	36.5513	0.9911	0.3346	3.9862	11.8993	93.202	0.7591	0.2161	20.3886	4.4695	5.8798	38.9164	48.69	0.4306	1.0072	10.9198	5.4429	7.7186	0.022	255.2086	0.4795	45.7825	0.3782	25.8137	57.4755	26.5592	4.7711	94.1879	1.5818	18.4973	34.0192	1.9192	0.3921	1.2614	118.5075	4769.5109	3.2713	0.0116	0.485	0	53.1824
TCGA-49-4512-01A-21R-1858-07	TCGA-49-4512	LUAD	0.3186	38.3802	1.7619	2.712	154.7813	0.1928	621.5773	10.8846	0.6621	22.5355	33.6111	61.0359	30.613	32.9877	2.4236	0.702	0.1044	0	0	0	12.8722	0.0988	6.8521	12.8495	26.3054	6.1151	0.1579	1.4498	46.3824	0.836	0	1.3972	6.6788	157.5838	1.179	0.0906	4.3706	4.5317	2.9925	31.6309	3.5625	0.0978	1.2708	0.8171	1.9558	4.9201	0.0121	86.8213	0.9095	16.1402	0.0416	24.239	5.089	5.0025	8.9926	71.9487	0.118	5.4625	1.0667	2.446	0.0616	1.0858	29.513	1756.2809	0.8524	0.0256	0.8815	0.0232	19.3284
TCGA-49-4512-11A-01R-1858-07	TCGA-49-4512	LUAD	0.6324	45.8514	1.282	0.2254	109.3643	1.3578	220.884	42.6992	8.872	24.1342	2.3073	137.4597	11.7295	21.4671	3.6519	1.1353	0.3108	0.8973	0	0	9.3946	0.1471	15.4417	41.3758	145.6385	2.3856	0.1175	2.9521	42.4811	0.7305	0.1541	0.939	8.8924	98.3726	0.3072	0.139	43.1047	4.9925	6.5831	146.9383	31.1447	0.2867	0.7833	2.6231	2.9849	12.4054	0	308.4399	0.6093	98.6473	0.0929	22.8891	20.1882	60.0027	13.4726	64.1979	0.4364	15.974	12.0492	3.4316	0.2753	1.3128	195.2417	6920.3768	2.7145	0.0143	1.0103	0	103.1708
TCGA-49-6742-01A-11R-1858-07	TCGA-49-6742	LUAD	1.1207	10.5677	1.0478	0.5094	159.4888	0.245	345.188	23.5625	3.6712	32.8397	3.2727	72.6851	44.422	14.0207	0.3109	1.0442	0	0.059	0	0	5.5131	0.0907	2.1204	49.4664	76.8887	26.9476	0.2737	0.9566	9.6106	0.0778	0	1.3654	39.3367	219.7397	0.4148	0.0416	1.7209	8.8348	17.6185	12.7102	3.5087	0.0365	1.5208	1.9567	0.991	45.9933	0.1112	62.6589	0.1502	4.9402	0	41.1691	1.448	2.9492	1.2499	26.5986	0.2707	3.2868	2.0572	1.7843	0.0943	3.125	20.1633	375.5712	0.4636	0	0.0639	0	3.8769
TCGA-49-6742-11A-01R-1858-07	TCGA-49-6742	LUAD	0.2144	65.5729	0.7433	0.3057	151.6529	0.313	276.9496	34.1536	1.7468	30.6538	0.2736	91.3606	23.0129	36.778	3.3765	0.2839	0	0	0	0	11.0006	0.1931	11.4209	19.2916	118.4743	3.3033	0.2057	2.4222	43.1262	0.7198	0	2.4574	31.9584	79.0667	0.5299	0.1947	3.5157	7.637	8.3906	30.7366	2.5131	0.2771	1.6133	1.8164	2.007	24.7116	0.0189	143.9682	0.3555	61.5819	0.0325	38.919	7.7286	4.7133	15.5838	29.1368	0.1845	58.3625	2.6707	0.4576	0.0963	1.1199	226.137	3636.2502	0.3702	0.02	0.9067	0	130.0752
TCGA-49-6743-01A-11R-1858-07	TCGA-49-6743	LUAD	0.6405	22.026	1.3685	1.4072	211.3323	0.4333	643.0428	36.6783	6.1188	93.8068	26.502	189.9013	42.3341	19.7274	0.636	0.2733	0.0231	0.5123	0	0	11.1575	0.2187	6.0242000000000004	47.9228	83.4647	83.535	0.0233	4.3166	31.4933	0.4183	0.1528	2.6459	18.109	118.2649	2.4727	0.1052	25.1189	34.7907	10.7728	772.7481	8.0202	1.035	5.4142	4.2813	1.75	16.6067	0.177	4958.9812	1.5703	24.2303	0.2763	54.7288	10.2023	17.2474	5.1717	67.0385	0.4015	27.4806	5.2458	2.4711	0.341	1.3055	33.1818	619.6944	0.4193	0.0594	2.2337	0.0771	10.6825
TCGA-49-6743-11A-01R-1858-07	TCGA-49-6743	LUAD	0.3641	45.9011	0.826	0.2162	97.1899	0.6483	190.3382	32.3757	3.7599	34.8558	0.5713	99.1773	15.3677	31.7917	3.1495	0.0207	0.2982	0.0551	0	0	12.3744	0.0423	11.1155	16.7069	184.9932	1.4075	0.1053	4.922	27.0966	0.6542	0.0789	3.748	10.4473	80.4474	0.6232	0.3008	4.4834	3.8064	5.8673	28.7599	9.98	0.4113	0.9324	7.8572	3.2298	19.6091	0.0208	157.1635	1.5747	48.9011	0.0713	37.6736	10.7857	6.1337	7.9778	54.8473	0.9102	32.3274	5.6714	1.7382	0.1585	0.9472	78.9518	2255.3128	0.3518	0.011	1.9487	0	87.994
TCGA-49-6744-01A-11R-1858-07	TCGA-49-6744	LUAD	0.226	51.3794	1.6506	5.057	152.4482	1.0508	478.0656	27.2392	10.0914	39.4	36.7962	98.9746	30.0316	32.3795	1.701	10.9105	0	0.2668	0	0	5.023	0.2313	11.4742	44.7121	80.9233	15.2541	0.0896	2.7947	95.0074	1.1292	0.0587	1.3544	29.6381	148.6962	6.2909	0.1156	23.0679	17.7863	15.3515	58.4573	20.6898	0.2146	2.4078	12.6817	3.842	8.8936	0.0773	615.3933	3.2398	55.2889	0.1594	42.0994	27.434	39.1254	13.3424	88.3017	1.3228	25.2944	9.2669	5.0047	0.1967	1.6938	73.3369	2432.3158	1.1488	0.0816	1.2736	0	32.2886
TCGA-49-6744-11A-01R-1858-07	TCGA-49-6744	LUAD	0.9316	38.7675	1.2053	0.1124	65.6126	0.9007	122.1817	29.1816	4.3343	29.713	0.8907	62.6722	11.0454	22.4264	2.4112	0.1372	0.169	0	0	0	12.0497	0.0933	7.1909	19.0405	653.1338	1.8922	0.1563	10.9047	17.0634	0.4611	0.1491	3.9602	15.7201	43.0473	0.915	0.1008	5.4577	3.1051	9.5488	12.3126	7.4941	0.8415	0.6504	6.8446	2.1832	23.7739	0.0589	119.221	0.4567	66.1835	0.2864	44.2603	70.4484	2.4951	8.5795	40.9168	0.6151	47.2732	10.9171	0.8973	0.3327	1.8783	44.1228	1731.8971	0.2301	0.0621	0.3757	0	86.3521
TCGA-49-6745-01A-11R-1858-07	TCGA-49-6745	LUAD	0.5813	38.155	3.4379	3.2827	221.9712	2.4677	423.3288	19.5317	8.4049	153.5337	22.7048	141.9594	24.1581	28.6269	1.4468	2.6654	0.0218	1.0256	0.1041	0	8.1707	0.1751	7.4678	85.6827	62.5647	25.2024	0.0329	27.547	190.4288	0.7958	0.0864	1.8047	55.9739	169.9026	3.78	0.1629	35.174	23.4683	8.4262	21.2635	15.8722	0.086	1.0557	12.148	14.5261	21.6896	0.0303	134.9341	1.6728	56.001	0.0651	36.48	14.8377	31.1704	11.9662	55.4715	0.9272	24.0211	7.0986	8.5925	0.2313	1.0651	64.0477	1549.1244	0.553	0.08	0.2902	0.0145	38.1519
TCGA-49-6745-11A-01R-1858-07	TCGA-49-6745	LUAD	0.9628	38.7077	0.9329	0.2196	107.1969	1.1746	173.1853	34.1981	13.7114	21.0424	0.7977	137.5294	11.992	24.3632	3.3967	0.4425	0.0606	0.9513	0	0.0329	11.5163	0.1577	11.2875	34.5654	225.9483	2.3719	0.1069	6.755	23.4546	1.2127	0.2403	2.0494	18.6287	69.5265	0.5559	0.1872	46.8412	4.0538	7.7622	52.8959	26.0545	0.2235	1.2742	5.1785	3.0432	9.315	0.0316	258.0491	0.9975	57.9367	0.2535	28.1324	18.5283	65.746	5.1526	54.0101	0.3979	15.4349	20.8568	2.1836	0.4291	0.7549	101.6841	4819.7228	1.4839	0.0334	1.1308	0	47.5971
TCGA-49-6761-01A-31R-1949-07	TCGA-49-6761	LUAD	0.4607	20.1069	1.5134	1.5785	157.016	1.0701	538.7756	34.483	40.0915	88.023	28.0519	225.9231	30.5253	56.1659	0.5772	0.4422	0	2.0552	0.133	0	62.6161	0.1955	5.2139	63.8184	49.147	30.2122	0.016	12.5588	136.3023	0.8189	0.1051	2.8596	107.4178	250.533	2.8717	0.1137	62.0583	36.181	8.4511	29.4103	20.4763	0.053	2.5629	9.4691	2.2623	18.7692	0.0221	110.9488	2.0602	34.5805	0.3041	17.5463	7.879	65.1199	4.7383	56.7856	0.5456	9.9483	14.4736	59.6542	0.6567	1.7957	51.6308	729.8071	1.3553	0.0818	0.9323	0	6.7232
TCGA-49-6761-11A-01R-1949-07	TCGA-49-6761	LUAD	1.4845	31.6912	0.8976	0.2431	77.8639	4.757	158.1382	33.0414	19.5445	25.5097	4.2122	55.7532	13.328	35.0124	2.5403	0.0274	0.0394	0.1822	0	0	15.0218	0.1307	6.5473	21.1722	579.2125	7.9722	0.1193	5.7142	16.0154	0.4257	0.4955	3.4314	25.6634	57.6283	0.4789	0.0513	7.1595	4.8175	7.996	42.9847	19.1564	0.433	0.8297	6.5556	3.5008	25.8122	0.0275	250.9586	0.0206	67.1387	1.2735	39.0374	72.9874	9.8387	9.751	99.6532	0.7021	17.1942	44.3515	1.6351	0.7684	1.0632	57.7252	1892.5677	1.2525	0.1015	0.447	0	42.0485
TCGA-50-5930-01A-11R-1755-07	TCGA-50-5930	LUAD	0.3241	27.8986	0.9635	1.2598	141.0577	0.7899	243.7263	32.9633	14.5578	43.0479	54.0355	109.8602	31.0765	25.9272	0.6724	0.6045	0	0.4281	0.0346	0	11.8631	0.5208	5.9576	31.6231	73.4724	303.1723	0.0584	1.1199	45.4604	0.242	0.0766	0.5384	62.91	96.092	2.0444	0.1696	34.1945	18.5777	17.778	77.9615	10.1247	0.0509	3.8923	9.7548	6.0084	16.0736	0.0807	711.0843	1.8168	23.1496	0	34.8215	10.4624	17.4266	4.6935	52.2947	0.8838	12.7256	7.7717	2.1228	0.171	2.2672	36.073	1033.959	0.946	0.0851	0.0386	0	6.2075
TCGA-50-5930-11A-01R-1755-07	TCGA-50-5930	LUAD	1.1337	46.809	0.7455	0.1197	98.9844	1.4355	196.1108	41.2743	6.5717	25.1737	0.3321	61.4652	15.7942	38.403	3.7716	0.023	0.033	0.061	0	0	12.2213	0.1563	10.5766	16.7964	331.149	1.7315	0.1332	3.9119	37.5509	0.5634	0.4585	6.9245	6.5032	63.7783	0.5408	0.0645	1.4852	8.4206	7.9589	72.2274	4.7828	0.3539	1.2929	6.143	1.8059	19.1082	0.023	226.8801	0.1726	71.1078	0.3752	49.1024	19.0115	0.786	20.342	55.3024	0.7838	44.2617	12.4855	0.9523	0.4094	1.1097	135.7196	3103.2091	0.8989	0.0485	0.3523	0	109.0344
TCGA-50-5931-01A-11R-1755-07	TCGA-50-5931	LUAD	0.2773	4.665	5.4795	0.7709	249.6254	0.0232	724.4784	15.5829	1.1673	39.1034	17.1823	203.2674	72.126	14.1847	0.0766	64.3002	0	0.0756	0	0	19.85	0.0258	1.1891	12.637	16.871	88.8344	0.0687	0.4009	16.1412	0.0759	0	0.7704	4.2716	127.0308	0.3156	0.0443	2.85	5.0714	0.1451	27.4534	1.2595	10.0812	3.3535	1.0703	19.1519	18.5381	0.019	75.5312	0.1568	1.1782	0.0163	31.6048	1.4845	5.0357	0.5684	10.3641	1.0631	0.8392	1.1265	0.3112	0.0483	0.5588	4.4771	86.0078	0	0.6613	0.5089	0.0364	0.6761
TCGA-50-5931-11A-01R-1858-07	TCGA-50-5931	LUAD	0.7929	44.0661	0.6484	0.3921	73.0648	1.0305	161.3233	36.168	7.9205	39.0398	9.7055	62.5427	13.4236	27.784300000000002	2.2338	0.0443	0	0	0	0.0346	20.3523	0.0602	9.4339	18.3679	745.5251	1.3938	0.0962	8.4734	15.1416	1.8167	0.2524	4.5303	22.278	67.4583	0.521	0.1552	7.3349	4.7614	6.6192	13.4218	9.2157	0.3828	1.3106	4.0973	3.7214	11.896	0.0111	145.1626	0.4491	28.0993	0.6087	43.9404	51.8624	5.6947	7.3837	114.788	0.2832	38.9399	16.1845	0.325	0.5447	0.9575	66.7168	2287.9209	1.1258	0.0234	1.103	0.0212	64.3027
TCGA-50-5932-01A-11R-1755-07	TCGA-50-5932	LUAD	0.333	12.5976	2.4	0.3121	186.2145	0.2446	130.3715	16.6695	1.4363	34.6227	1.4001	96.0277	24.9277	23.5511	0.3828	2.3584	0.0359	0.0497	0.0107	0	16.7687	0.017	1.7339	29.4348	63.9419	11.3645	0.009	0.8939	8.1385	0.1499	0.0119	0.3734	27.4102	99.9782	0.5824	0.0875	3.1904	10.4135	24.2312	5.0445	2.441	0.0457	2.3739	1.0201	0.6111	3.2787	0.0375	41.3215	0.2344	17.9282	0.0107	30.791	2.4032	3.4154	2.9315	15.9135	0.1064	7.1946	2.0719	0.8944	0.0953	0.9173	20.2274	388.421	0.2116	0	0.0837	0.0239	25.9907
TCGA-50-5932-11A-01R-1755-07	TCGA-50-5932	LUAD	1.4747	46.3195	1.1406	0.2213	93.2719	2.2401	159.2077	27.6358	7.6626	22.5365	0.6009	70.2559	11.7148	32.4621	1.854	0.0472	0.1017	0.1566	0.0203	0.0368	22.9574	0.0642	8.8191	21.8493	474.0721	1.2733	0.2223	3.9155	30.4936	0.673	0.3587	3.341	4.1964	48.0456	0.5171	0.2317	4.8777	5.4044	8.1205	36.2759	14.2261	0.3544	0.8917	5.2755	2.664	19.9618	0.0236	124.4022	0.3191	62.9354	0.2028	38.4441	35.1258	3.6161	16.4071	60.4726	0.3306	34.8571	25.7329	1.5077	0.6606	0.9016	102.7275	1861.2002	1.0461	0.0748	0.5652	0	105.1001
TCGA-50-5933-01A-11R-1755-07	TCGA-50-5933	LUAD	0.145	58.657	1.3637	2.3736	209.0627	0.2334	374.9243	32.891	2.9122	52.6906	69.3354	142.382	29.5495	42.5849	1.7172	1.1269	0.0228	0.6112	0	0	48.0884	0.0216	15.6835	45.7555	35.5099	89.8738	0.0805	16.8681	370.5282	1.4537	0.0151	10.3482	56.8665	202.6604	4.8185	0.2746	63.5435	27.9742	6.834	14.7809	6.3237	0.1323	2.7063	3.5409	4.2975	33.924	0.0238	120.4425	1.4312	103.217	0	27.4515	13.1853	91.643	27.2009	162.7231	0.3094	39.1773	3.5375	2.714	0.053900000000000003	1.0826	152.7713	2055.4852	0.3105	0.0252	0.8822	0.0761	65.2779
TCGA-50-5933-11A-01R-1755-07	TCGA-50-5933	LUAD	0.7474	49.6325	1.0767	0.2955	80.271	0.9999	205.251	32.9155	6.5402	70.7608	7.345	75.8046	15.931	33.5296	1.8358	0.1375	0.0247	0.0228	0	0	15.7686	0.0468	11.2865	18.973	484.5722	3.9811	0.4981	12.1333	23.7091	1.2985	0.1143	7.1346	14.3858	108.1249	1.862	0.4258	8.0657	6.7067	4.1463	147.0784	5.5197	0.5922	1.7751	7.0048	4.9042	14.6551	0.0086	584.4634	1.0458	53.2508	0.192	82.4917	36.538	15.2844	9.3653	85.9231	0.3925	41.6415	10.7204	0.9793	0.2187	0.9759	92.1965	2698.0326	0.5154	0.0363	0.5598	0	148.9747
TCGA-50-5935-01A-11R-1755-07	TCGA-50-5935	LUAD	0.3769	26.3109	1.5058	3.1206	127.1203	1.0569	255.0609	14.4775	1.7628	25.1773	36.0651	125.5519	24.0235	31.9173	1.0674	1.289	0.057	0.2897	0	0	26.4853	0.1079	4.3606	45.8181	74.2945	16.6816	0.1581	1.863	28.5079	0.3374	0.0565	0.9644	49.771	164.3989	2.165	0.0649	62.0666	10.1254	8.7634	9.2693	9.787	0.5433	2.2319	4.6854	1.5526	25.1526	0.0496	220.0437	1.7434	21.0716	0.1193	42.2271	9.2486	14.8449	5.5221	43.13	0.4349	4.9792	3.6726	6.268	0.0673	1.4947	17.5764	2265.6862	1.0345	0.0105	1.2542	0	14.8192
TCGA-50-5935-11A-01R-1858-07	TCGA-50-5935	LUAD	1.8862	47.9878	1.2863	0.5286	78.9498	1.9722	138.4399	22.6396	8.4691	28.0319	4.9486	60.3409	13.3007	34.7971	2.1721	0.0441	0.0317	0.205	0	0	17.5001	0.09	6.5617	37.4777	368.4926	2.8201	0.0799	4.8425	17.7873	0.7063	0.3144	2.1566	36.8094	54.881	0.4922	0.165	27.5741	5.2805	6.6654	14.1282	11.8331	0.426	1.241	4.0007	3.0885	19.1559	0	109.226	0.4308	45.9396	0.3411	44.9227	25.9469	15.2703	7.0009	43.7222	0.4836	29.063	22.3771	2.7995	0.4491	1.2583	64.7775	1944.9851	0.9778	0.0233	1.0777	0	80.9259
TCGA-50-5936-01A-11R-1628-07	TCGA-50-5936	LUAD	0.2707	21.8553	1.3257	3.2562	284.8709	0.241	331.1275	18.2848	3.0597	43.9011	87.2767	160.5967	38.9636	22.976	1.0838	6.7121	0	0.2459	0	0	8.9801	0.063	5.999	23.8658	66.3599	75.24	0.0503	1.2503	68.2284	0.417	0	3.5004	103.0541	254.6866	2.9214	0.2706	7.4408	19.8039	3.5921	15.8311	3.1153	0.0614	3.5769	1.8676	8.6998	17.6278	0.0348	464.4741	0.8	17.6518	0.0199	39.0839	12.2967	5.8281	7.191	105.0812	0.1551	30.7278	2.8822	1.599	0.0393	2.1008	37.5318	561.4665	0.4528	0	0.1331	0	14.4983
TCGA-50-5936-11A-01R-1628-07	TCGA-50-5936	LUAD	0.5008	37.699	1.4499	0.2513	70.886	2.3285	142.6476	32.9825	10.8406	25.4791	1.7665	58.9888	12.5327	31.3118	2.6846	0.0193	0.0555	0.4099	0	0	18.6276	0.0656	6.4003	24.0306	497.0603	1.4448	0.1119	7.311	19.954	0.8208	0.5134	16.9517	14.9921	45.7281	0.2819	0.0992	9.3159	5.2419	7.7983	48.5074	12.3622	0.57	1.3046	6.6551	1.5709	31.4146	0.0869	303.3355	0.6524	84.3995	0.7296	39.8989	55.3686	6.5222	11.2695	114.5613	0.3703	29.3299	31.5072	1.8163	0.8186	1.526	60.7325	2348.946	2.0131	0.0713	2.1264	0	104.365
TCGA-50-5939-01A-11R-1628-07	TCGA-50-5939	LUAD	0.5898	32.5766	1.108	1.8273	336.838	0.3822	761.8555	49.0301	6.1542	198.5628	45.4665	264.5893	31.632	37.2776	1.1928	53.0128	0.0309	0.0857	0.0185	0	10.7209	0.0439	6.5427	49.6136	69.4768	127.3421	0.0312	4.2698	36.5103	0.4738	0.0409	6.1857	29.1746	171.4389	4.1389	0.3622	11.2146	100.9003	9.5236	56.4952	5.9462	0.1277	5.2766	1.407	36.7168	39.1149	0.0323	743.6033	1.067	35.7664	0.037	37.3864	12.2063	14.2212	8.4483	128.7275	0.1769	34.8459	3.4898	1.858	0.1095	1.5302	57.7532	1077.2047	0.8979	0.0227	0.7422	0	26.5405
TCGA-50-5939-11A-01R-1628-07	TCGA-50-5939	LUAD	1.754	55.3936	0.8636	0.3248	69.5849	0.2314	118.8039	47.5951	0.7104	33.7733	1.6775	64.9712	14.4203	40.4648	2.9995	0.1322	0.0271	0.1254	0	0.059	17.2943	0.1285	8.2371	22.7964	478.4332	1.162	0.0958	8.7255	24.2713	1.0116	0.0359	8.8434	21.1181	50.5001	0.6057	0.2473	2.4314	6.0009	6.0128	50.798	3.9327	0.1407	1.8247	2.2516	3.5768	21.743	0.0378	248.3134	0.8659	58.5451	0.0162	39.4044	29.4481	3.1023	6.6809	82.1899	0.2072	38.3167	2.4369	0.9625	0.1603	1.4188	97.2271	2407.5585	0.0493	0.0299	1.8465	0	136.4894
TCGA-50-6595-01A-12R-1858-07	TCGA-50-6595	LUAD	0.8265	26.7436	1.0609	1.9567	299.5938	1.0141	545.6918	25.3295	20.5691	91.6887	122.5467	187.5721	46.994	58.5628	0.7444	39.9342	0	1.0723	0	0	27.0808	0.1373	10.0406	93.734	47.189	88.2629	0.0146	18.4685	161.4374	0.8588	0.0767	3.8948	9.7016	214.0925	3.3267	0.2926	55.9569	28.197	0.8867	18.2907	16.7393	0.2014	3.6288	5.164	23.2634	29.5677	0.0303	148.1567	1.1529	20.881	0.1215	25.5328	11.8532	247.8328	4.0694	83.6031	0.4428	27.0432	11.2168	2.8245	0.1542	1.9771	80.4873	531.1701	0.079	0.032	0.4643	0.0581	12.7028
TCGA-50-6595-11A-01R-1858-07	TCGA-50-6595	LUAD	1.4544	48.5148	1.2705	0.2707	63.7265	4.2517	115.2956	33.0155	17.0539	23.6958	6.4666	56.6856	12.1341	41.1519	2.4122	0.221	0.1112	0.7044	0	0.0173	19.9061	0.1504	6.9185	32.8479	713.5554	2.12	0.1201	6.9478	17.8225	1.0399	0.3361	3.9336	10.4528	45.9131	0.4844	0.0723	30.9865	4.6244	7.5292	26.209	22.79	0.5484	1.2068	8.1078	2.0271	15.8229	0.0166	122.1388	0.8471	44.3504	0.8644	37.5273	84.0178	22.7782	8.8047	96.8286	0.9359	23.7498	41.6629	4.8009	1.0129	1.2378	90.4506	1990.1475	1.8738	0.2744	1.1121	0	81.162
TCGA-51-4081-01A-01R-1100-07	TCGA-51-4081	LUSC	3.6381	4.0291	1.0648	0.664	278.0399	0.0546	240.579	9.4342	1.1473	88.9174	69.853	168.2202	69.1677	37.4177	0.1818	0.5607	0	0.0338	0	0	10.4099	0.0087	1.3951	8.3771	19.3367	153.5836	0.3047	2.7884	31.6898	0.15310000000000001	0	1.7843	8.2382	144.339	0.8482	0.0834	3.0578	17.3833	0.0314	338.6791	0.8005	5.4604	3.0023	0.5444	10.1287	46.3023	0.0064	1503.9521	0.2968	3.7143	0	20.3803	13.1427	1.9009	0.9979	19.8204	0.0582	2.3117	0.8708	0.088	0.0108	0.788	7.6027	71.4085	0	0.053900000000000003	0.403	0.0122	1.7419
TCGA-51-4081-11A-01R-1758-07	TCGA-51-4081	LUSC	0.9254	69.0164	0.7601	0.8225	103.2468	1.9004	185.0134	28.5499	15.5397	48.7119	21.2676	78.3332	23.1392	57.5758	4.8543	0.4857	0.2181	1.0077	0.3861	0.0474	14.0406	0.2436	12.529	28.0683	193.1244	4.8857	0.2024	10.1783	34.8233	2.3457	0.075	10.5574	31.8013	67.3769	2.0008	0.6302	8.7123	13.5512	4.1809	98.4464	21.0721	0.5764	1.4099	24.1676	2.96	14.9505	0.1853	570.9255	2.9379	96.2658	0.2818	45.4859	29.0669	9.6711	12.8192	156.3772	2.8553	53.8136	21.5643	5.6782	0.2885	1.4694	143.0085	2678.7461	1.8211	0.4811	2.0014	0.0116	116.1956
TCGA-55-6968-01A-11R-1949-07	TCGA-55-6968	LUAD	6.4458	30.2854	0.7875	1.6392	165.8599	1.4881	286.4488	13.2757	12.0495	42.1617	69.4619	107.711	65.1643	14.6969	0.8043	10.6258	0	1.694	0	0.0273	7.8518	0.0357	7.416	79.0835	13.5713	19.4685	0.0633	4.9802	16.1178	0.8484	0.1163	3.9786	82.9867	94.5789	4.5182	0.4985	169.2247	8.9921	2.8805	10.976	28.7923	15.0738	3.0972	7.6777	20.1595	12.1945	0.0175	74.7924	2.4688	47.8029	0.6459	17.3809	5.5878	57.2331	5.7855	87.4788	0.7879	14.561	10.7365	5.2673	0.1335	1.9155	57.3391	881.5414	0.6838	0.1108	2.0934	0	9.7502
TCGA-55-6968-11A-01R-1949-07	TCGA-55-6968	LUAD	0.2806	50.6098	1.0734	0.7869	111.2273	1.729	240.4116	39.1867	4.2605	28.4965	15.202	96.7576	20.2264	43.2025	4.6308	0.1238	0	0.2301	0	0	11.9013	0.2189	12.7068	21.2872	133.1186	2.1489	0.1256	5.5628	30.0973	0.8797	0.1882	6.4831	131.2967	79.5903	1.0149	0.2084	7.1375	10.9842	9.5971	58.8015	14.2629	0.1125	1.6636	7.0248	2.8806	25.8392	0.062	511.0898	0.6697	136.3333	0.2341	41.6516	20.6267	10.368	17.932	105.5202	1.1388	38.1891	11.1941	4.768	0.105	1.301	163.6003	3470.5256	2.6799	0.17	7.1177	0	150.1301
TCGA-55-6969-01A-11R-1949-07	TCGA-55-6969	LUAD	6.4807	37.6849	0.9072	3.978	176.0822	1.2419	479.3632	19.7198	19.6028	37.0014	109.2833	154.0641	47.3055	43.9156	0.8468	99.8915	0.0759	0.7291	0.0182	0.1978	23.5684	0.0287	9.4753	65.3317	28.6305	15.2774	0.0536	3.4595	38.8391	0.8561	0.01	4.7062	68.9578	232.2511	4.3113	0.1926	46.8303	16.0875	2.5663	17.837	34.5653	0.3133	2.9445	9.8457	14.486	13.6742	0.0793	100.8099	2.6263	43.448	0.0363	38.7567	13.4989	58.8717	7.8539	120.5973	0.9328	17.7153	11.4163	7.5414	0.1254	0.7482	34.9247	968.8927	1.1843	0.1227	0.2732	0	10.4698
TCGA-55-6969-11A-01R-1949-07	TCGA-55-6969	LUAD	0.562	38.5078	1.1834	0.8511	79.1864	1.2508	191.5404	21.3739	4.1063	31.0602	6.4157	58.6467	13.4108	35.9638	2.3855	0.048	0.2071	0.0638	0	0.0375	19.8553	0.4575	10.9687	16.3204	212.4538	1.6352	0.1915	3.9209	22.0887	0.7093	0.0457	4.6727	10.5209	50.6725	0.7312	0.146	4.4069	8.9677	4.1193	62.8602	8.7513	0.3063	1.382	5.3841	1.9931	28.5424	0.0842	209.0416	0.6317	75.3107	0.0619	36.4588	23.9202	4.9968	10.458	85.808	0.7024	40.3403	10.4313	2.6138	0.5096	1.2878	40.8661	1899.1265	0.9711	0.1015	1.5883	0	64.0152
TCGA-55-6970-01A-11R-1949-07	TCGA-55-6970	LUAD	0.5036	29.0276	2.1604	1.6218	93.1727	0.6558	336.5342	16.42	7.0263	54.2197	23.2673	89.4932	53.6991	13.4242	0.779	0.4163	0.057	0.7897	0.0341	0	12.4975	0.2899	8.0786	115.31	101.8916	28.6779	0.0359	3.6821	17.9344	0.9525	0.0094	1.6739	39.6512	194.6144	3.2305	0.3291	65.1883	10.5392	23.6825	17.1556	10.211	0.0863	3.1928	6.5607	2.2695	16.8764	0.0347	1632.3857	2.376	34.3593	0.0937	36.8145	14.6947	29.9656	3.6121	63.2827	0.5254	29.9075	4.621	3.2529	0.1766	1.2206	61.2239	1021.848	0.8403	0.1414	0.304	0.0095	17.3586
TCGA-55-6970-11A-01R-1949-07	TCGA-55-6970	LUAD	0.9373	54.982	0.9414	1.0736	62.1248	3.3378	120.3146	25.6711	15.7064	30.3742	17.083	63.0171	10.5132	31.0163	2.4583	0	0.3948	1.0032	0	0	20.6555	0.3426	14.4705	53.8714	388.8929	2.0205	0.4148	10.3056	22.5356	1.6614	0.3699	7.1939	41.8162	45.5444	1.496	0.2783	72.0805	4.7692	3.378	79.3289	29.418	0.4798	0.9134	8.8985	2.5994	16.043	0.1604	265.9186	3.5437	87.6037	0.787	37.9796	97.4765	59.3403	10.8279	70.6785	1.067	45.8603	24.6204	5.9115	0.6217	1.7741	143.4176	3328.0768	3.4335	0.1935	2.9837	0	99.4633
TCGA-55-6971-01A-11R-1949-07	TCGA-55-6971	LUAD	0.1841	47.8072	2.0673	3.2405	143.4526	1.9125	275.7283	22.4527	27.9761	87.3236	65.0625	189.438	29.9933	28.4918	1.8227	24.4228	0.0724	2.0394	0	0.1179	11.7327	0.4795	12.4392	82.0793	60.4103	17.911	0.0365	4.297	35.9588	1.0585	0.1675	8.0462	93.6015	164.6144	5.7531	0.5651	72.072	15.8431	9.8716	30.3535	42.7457	0.1017	1.5543	22.4275	3.3143	36.2791	0.1134	329.5439	4.9378	72.3481	0.2164	37.4232	32.1605	42.2782	9.4952	124.4073	1.6719	55.6018	19.0051	8.2625	1.0896	1.3765	77.9419	1650.3748	2.2657	0.3192	1.3753	0	25.464
TCGA-55-6971-11A-01R-1949-07	TCGA-55-6971	LUAD	0.586	33.4718	1.4557	0.2923	79.2032	1.2029	144.102	22.3416	6.8505	25.9214	1.7931	65.1281	12.1218	29.1997	3.1654	0.0601	0.0288	0.0798	0	0	21.1282	0.2453	11.0713	21.3505	227.1907	1.4663	0.3049	4.3452	23.0056	0.5917	0.0762	9.3802	16.2395	54.9475	0.6018	0.2436	10.8763	6.5481	12.286	43.756	8.5226	0.4806	1.0182	8.7605	2.0439	29.9282	0.0501	173.0226	0.798	78.949	0.0861	37.8635	34.4308	10.1186	10.8534	68.5855	0.824	36.919	11.3756	2.1111	0.3571	1.1008	106.2857	2451.3356	0.8362	0.3705	0.6913	0	96.9343
TCGA-55-6972-01A-11R-1949-07	TCGA-55-6972	LUAD	0.1993	2.1163	1.4452	0.1838	96.8793	0.2947	328.0664	10.5749	2.7412	24.2089	0.2649	99.9275	23.8591	2.6228	0.069	0.3528	0	0	0	0	13.0331	0.6108	0.3601	11.048	46.2312	1.4503	0.093	0.3013	1.4234	0.1124	0	0.2399	0.9354	54.672	0.1041	0.045	1.9052	1.8539	24.4998	1.1576	3.511	0.0202	3.3402	1.0487	0.09	0.4183	0	81.6324	0.241	1.0255	0	33.5206	1.2165	2.019	0.1813	5.0382	0.1661	0.6208	4.5263	0.6093	0.0272	0.5703	2.8577	215.1991	0.1673	0.0169	0.0922	0	0.9344
TCGA-55-6972-11A-01R-1949-07	TCGA-55-6972	LUAD	1.2846	36.3423	0.8103	0.4235	67.2918	4.291	128.3885	30.3149	15.557	18.9416	0.7899	57.8092	10.9893	31.4939	2.2197	0	0.0344	0.8889	0	0	25.4137	0.1951	7.4492	26.8824	606.064	1.3368	0.1039	7.4958	18.2425	0.8854	0.2272	6.8479	8.4019	42.4858	0.5143	0.2459	16.9449	4.839	7.8868	33.6968	23.4261	0.5131	0.6928	8.7754	1.6555	14.1611	0.0239	159.2057	1.509	32.8544	0.5753	34.5842	90.9473	18.4198	6.7789	80.9679	0.8447	25.0424	35.6642	4.5421	0.852	1.2943	104.7197	2001.871	1.7772	0.2021	1.2371	0	46.9791
TCGA-55-6975-01A-11R-1949-07	TCGA-55-6975	LUAD	1.4313	24.3644	1.2272	1.3869	258.3788	0.1724	350.8273	26.375	4.229	51.5621	11.1513	108.1447	20.422	30.2338	0.2342	0.6654	0.1103	0.034	0	0	4.6653	0.0174	2.8377	41.1733	90.7031	46.304	0.0742	0.6511	45.7756	0.2177	0.0243	0.5334	5.5433	266.5147	1.1841	0.2154	3.1151	21.1234	8.2721	351.6181	6.1085	0.0969	2.3752	3.8196	11.4955	7.8299	0	1614.1289	0.4808	9.6602	0.022	20.8882	4.3271	12.9235	1.8666	35.9333	0.3118	7.3034	2.4515	1.5471	0.0869	2.6149	19.1037	322.9985	0.4673	0.0541	1.0055	0	3.9582
TCGA-55-6975-11A-01R-1949-07	TCGA-55-6975	LUAD	0.5727	36.7201	1.1447	0.3437	73.5189	1.4817	170.1655	31.3841	5.0745	32.4599	1.8542	68.1951	11.5378	26.8519	2.3597	0.0825	0.0395	0.146	0.0236	0	17.8525	0.1683	8.7059	18.7423	250.8208	1.1561	0.2191	6.2617	17.2107	0.6053	0.0784	5.5964	16.4149	57.1177	0.7028	0.3342	3.2656	6.5522	7.9349	57.8889	10.3096	0.5032	0.9119	8.6685	2.3406	18.7755	0	286.6311	0.537	49.6431	0.3307	43.8628	25.2853	3.6863	8.5863	60.3699	1.0298	26.3972	13.5859	1.4242	0.2332	1.0723	85.2818	2029.4109	1.4338	0.1742	2.1862	0	86.9988
TCGA-55-6978-01A-11R-1949-07	TCGA-55-6978	LUAD	0.8687	53.4747	1.9575	4.0929	212.1532	11.1177	420.302	17.7462	26.6748	159.4204	40.295	205.56	61.5447	34.2727	1.4404	5.878	0.0604	4.1747	0.0271	0.0164	33.6188	0.7009	13.696	141.8161	45.8598	31.2502	4.008	22.9754	116.536	2.105	0.2698	4.2145	9.0249	207.1687	9.4358	0.3491	320.9783	16.7485	1.7435	11.4431	66.4825	0.1832	1.9209	28.2824	9.1939	14.4599	0.0474	86.1061	6.3209	86.0996	0.2711	24.4922	16.841	293.1848	7.9489	84.5934	2.8378	43.8659	22.1663	8.3543	1.3652	2.506	127.052	1394.5369	0.8776	0.5221	0.7457	0.0101	35.9418
TCGA-55-6978-11A-01R-1949-07	TCGA-55-6978	LUAD	1.5228	44.6419	1.4254	0.5009	75.8173	3.5896	140.4189	56.8132	11.1647	20.0363	5.7038	64.2855	11.8038	34.112	2.6242	0.0687	0.0987	0.4255	0	0	18.2008	0.218	9.5739	32.4634	379.5965	4.3686	0.2488	4.6502	20.3806	0.9165	0.087	2.6055	7.7926	52.3151	0.6875	0.0214	15.3707	6.9682	6.4725	74.7296	21.8953	0.2312	1.067	2.4989	1.7422	13.2849	0.1146	290.0247	0.946	71.8896	0.1574	38.8136	30.6502	21.9903	9.0982	59.9902	0.244	21.0525	31.194	2.5105	1.146	1.2757	97.522	2048.6537	1.4627	0.2177	0.2413	0.0219	93.8057
TCGA-55-6979-01A-11R-1949-07	TCGA-55-6979	LUAD	0.7579	73.3491	2.4315	4.5351	183.8883	3.6646	447.143	20.5878	16.0716	50.1125	80.2924	99.1493	49.7501	32.3655	2.2842	3.6498	0.2483	4.2442	0.0742	0.0337	30.6774	0.4407	16.5403	102.2524	32.9699	10.5905	0.0157	14.7262	55.6081	1.4375	0.2052	5.2166	13.9819	129.6673	4.6631	0.4241	223.0056	18.4402	4.4975	44.9392	20.852	0.1091	1.6144	16.4127	4.2778	13.9896	0.0432	857.581	5.2903	77.9721	0.1114	36.568	15.2351	254.7372	11.2828	153.2814	1.7235	44.2708	10.7989	9.1015	0.4398	3.0033	116.3658	2311.8903	1.3801	0.1939	1.221	0	16.1656
TCGA-55-6979-11A-01R-1949-07	TCGA-55-6979	LUAD	0.6219	64.5371	1.3488	1.3374	100.6989	1.6089	172.8581	20.7413	6.1563	25.7337	40.103	68.912	14.2179	34.3767	3.3012	0.1492	0.3002	0.9115	0.0513	0.0466	15.0884	0.4466	15.1642	63.8831	146.9713	1.6254	0.2812	9.2409	35.4608	1.5385	0.7942	6.1087	99.6518	56.3776	1.4415	0.4466	44.7243	8.8613	6.532	79.556	13.4442	0.3542	0.9902	6.1544	2.0854	27.1507	0.0597	248.4199	4.0143	160.4089	0.2822	36.8847	24.4824	48.6865	24.612	84.423	0.7182	34.1681	7.2808	5.3095	0.2279	1.6951	144.2053	4634.75	0.7006	0.1734	2.6027	0	128.9164
TCGA-55-6980-01A-11R-1949-07	TCGA-55-6980	LUAD	0.2933	43.7357	2.912	4.0662	261.2941	0.7798	859.6195	46.9749	1.7976	31.3408	11.5625	204.7435	43.3266	49.4733	1.6607	1.8541	0.1591	0.4777	0	0	8.6738	0.2071	7.1595	28.3699	30.9852	40.4001	0.0602	3.6395	143.6174	0.8586	0	11.6826	70.0473	289.2475	1.9991	0.5305	19.8876	25.2028	5.3735	25.5198	8.2936	0.4262	3.2191	3.7945	4.5749	15.2335	0.0554	509.5063	6.1548	25.9661	0	27.7116	11.9818	24.3505	11.8049	100.335	0.4467	8.6852	4.4003	7.5038	0.0704	1.5936	34.9284	2723.0303	0.7579	0.1316	8.4593	0	22.5832
TCGA-55-6980-11A-01R-1949-07	TCGA-55-6980	LUAD	1.5555	45.1871	1.1367	1.3008	78.866	1.9463	131.8238	33.3768	11.0245	16.1092	1.5818	59.5536	12.0664	26.9177	2.069	0.0851	0.2038	0.9417	0	0	27.631	0.0965	7.6449	27.5199	352.9648	1.4967	0.185	7.8176	17.3733	0.5537	0	3.1382	16.8471	41.6284	0.9672	0.1326	54.9855	5.8793	12.6976	24.6263	11.4044	0.6805	0.8578	5.6255	1.6725	14.1292	0.0284	98.4001	2.2596	48.1304	0.0244	34.7138	32.5612	61.768	7.8435	49.299	0.5876	22.4283	16.7759	5.7328	0.6018	1.31	90.0967	2323.706	1.0729	0.1349	2.4195	0	54.0235
TCGA-55-6981-01A-11R-1949-07	TCGA-55-6981	LUAD	0.1187	19.4786	2.5311	1.1844	177.6465	0.116	644.9439	23.3194	1.3877	60.4147	19.3344	129.0949	24.6974	33.1404	0.8812	5.1143	0	0.10780000000000001	0	0	27.0611	0.2945	2.9877	21.9652	57.3573	20.7296	0	2.8386	39.2604	0.3521	0.0257	1.851	11.4117	301.3829	1.1861	0.2404	1.4971	39.4052	4.006	14.8946	1.1655	0.0444	2.8068	0.7135	1.1226	17.0871	0	1158.7198	0.976	13.2475	0	36.1356	7.5676	2.6292	4.804	25.4259	0.0742	6.9065	1.6243	0.7244	0.0689	2.018	14.9457	686.9197	0.3882	0.0286	1.141	0	11.8676
TCGA-55-6981-11A-01R-1949-07	TCGA-55-6981	LUAD	1.2831	50.8572	0.8838	0.6235	57.4865	1.1077	97.5368	18.0393	4.6366	31.0797	10.159	51.9924	12.0431	37.218	2.4761	0.1596	0.0382	0.1765	0	0.083	18.7974	0.1628	10.0025	19.3402	357.7871	1.4158	0.2698	5.0066	16.246	1.4373	0.1516	3.7089	24.3105	44.4661	0.7771	0.0622	9.9581	6.3532	7.2764	23.5633	8.6855	0.4566	1.0497	2.0615	3.0939	14.7324	0.0399	153.1281	0.7992	35.1067	0.2971	35.2704	12.9841	9.2797	3.5031	49.3498	0.2187	18.9568	9.8663	1.906	0.6092	1.3338	124.1201	1854.9147	1.0057	0.295	1.7838	0.0255	110.2531
TCGA-55-6982-01A-11R-1949-07	TCGA-55-6982	LUAD	0.1554	36.9024	1.8884	2.4367	245.0376	1.1556	702.2461	22.4889	2.9977	84.454	37.2744	211.3996	30.1513	26.4804	0.8509	12.5942	0.0382	0.5998	0.0685	0	14.4449	0.1807	10.7899	63.055	42.4024	59.0355	0.0385	3.0161	61.305	1.0106	0	2.8824	39.6629	232.8135	2.34	0.2733	44.0555	41.5692	5.4479	10.6932	5.8174	0.0906	3.4144	3.1949	4.4424	30.6032	0.0399	220.4087	1.5173	34.0137	0	43.7959	7.1823	54.724	12.6416	87.4456	0.4694	20.3815	6.0744	8.2145	0.2029	1.9462	84.7282	1782.1073	0.5198	0.014	0.9675	0	31.327
TCGA-55-6982-11A-01R-1949-07	TCGA-55-6982	LUAD	0.788	50.2662	1.6766	0.8425	73.5796	2.5619	124.1037	17.8892	9.1882	18.6142	6.0841	56.6032	11.2303	37.5638	2.0364	0.2802	0.0929	1.7461	0	0	20.3625	0.132	10.0453	41.7606	398.0069	1.8711	0.125	6.1178	26.0354	0.7121	0.2458	3.5598	14.2039	38.9531	0.7524	0.1411	59.3226	6.061	6.4627	61.7425	26.0757	0.4191	0.9777	10.8575	2.246	13.3902	0.0863	198.3075	1.4902	90.5397	0.5558	34.8903	48.3057	64.1957	19.2215	76.3544	1.7467	26.0744	21.6825	7.8563	0.4573	1.2701	116.8289	2345.1476	1.7712	0.3416	2.7889	0	74.7679
TCGA-55-6983-01A-11R-1949-07	TCGA-55-6983	LUAD	0.2824	30.2786	1.7039	1.626	132.5707	0.9776	265.9288	17.3707	6.8459	52.3967	40.5322	103.1619	31.235	28.0068	0.796	62.5621	0.1022	0.2429	0.0175	0.0159	9.4209	0.2627	5.2643	22.4188	86.2638	8.0091	0.081	1.4522	12.3732	0.4273	0.0097	1.7056	30.4775	147.0131	2.0049	0.2139	15.2789	12.7408	6.7489	11.52	18.8253	0.6121	1.2165	8.7967	2.7679	4.7117000000000004	0.0407	97.2393	1.3137	26.4761	0.0175	40.8785	11.6148	6.496	4.2212	76.3169	0.9288	10.0793	6.9	4.5382	0.0431	1.9989	17.478	1012.5652	4.0298	0.0752	0.5844	0	6.2693
TCGA-55-6983-11A-01R-1949-07	TCGA-55-6983	LUAD	0.1266	56.7672	1.4101	1.2352	106.9554	0.9463	209.605	39.9823	8.2866	32.3277	10.2306	77.4737	17.7733	28.4084	2.7525	0.1332	0.0765	0.4951	0.0916	0.0416	14.8838	0.3261	13.5453	32.2161	154.6807	2.3895	0.2316	6.808	27.0672	1.5729	0.0759	4.4124	34.3601	81.7712	1.4485	0.2615	24.6023	8.5801	10.2982	53.1639	19.407	0.1345	1.0514	9.58	2.8414	19.6777	0.0666	287.4711	1.8813	103.7395	0.0458	49.3598	26.0532	16.512	3.426	51.1455	0.8519	46.6002	9.9164	3.8183	0.1356	1.343	191.6231	3672.3932	0.4516	0.1266	1.6591	0	120.4219
TCGA-55-6984-01A-11R-1949-07	TCGA-55-6984	LUAD	0.1444	9.9729	1.8938	0.9518	288.7175	0.499	422.4208	14.6129	2.1097	68.9802	8.6995	173.8258	35.4175	12.6832	0.2724	201.8385	0.0709	0.0328	0.0212	0	13.4908	0.0504	1.4089	14.8	31.8739	73.1296	0.0715	1.3044	21.1701	0.1359	0	4.9862	44.4713	205.8193	0.9317	0.127	1.0207	38.7858	7.6374	12.0277	3.2338	0.0717	4.1464	1.7574	13.8131	46.6397	0.0371	144.496	0.7233	6.7044	0.0212	29.4746	4.6285	1.8579	2.2888	19.8457	0.1654	2.2661	2.4433	1.4495	0.1466	6.6294	4.8941	301.2907	0.9335	0.0913	1.845	0	2.211
TCGA-55-6984-11A-01R-1949-07	TCGA-55-6984	LUAD	0.8268	41.1235	1.3993	0.3969	107.9278	0.8554	157.7426	34.4181	4.2215	16.2363	0.7626	73.3616	15.1526	29.8469	2.674	0.0923	0.0497	0.5057	0.0198	0.036	35.3445	0.2119	13.465	27.1431	175.7845	1.6104	0.2007	3.8712	28.1097	0.9414	0.0877	4.1627	9.5789	63.8744	0.3372	0.1996	6.4789	6.9041	11.4322	52.7115	11.7426	0.3686	1.0177	4.7654	1.1951	16.5746	0.0231	168.0752	0.5723	49.9599	0.119	31.9073	23.0166	14.924	9.4315	37.1914	0.4886	43.4246	6.5293	2.9798	0.1665	1.5282	191.2965	2729.801	0.6923	0.0914	4.8326	0	88.2997
TCGA-55-6985-01A-11R-1949-07	TCGA-55-6985	LUAD	0.5248	33.4793	3.3604	2.2554	194.5162	1.5323	442.2017	14.5926	19.9048	44.326	46.7594	64.381	24.7714	39.005	0.8137	6.0251	0	1.1264	0.0187	0	14.3554	0.2663	7.6221	63.9985	42.6802	24.9337	0.0473	4.6572	31.8169	0.7947	0.5995	8.1366	36.9936	139.087	3.487	0.3661	117.127	19.8022	3.9608	18.803	19.4788	0.2938	1.5437	7.7431	2.6664	16.7078	0.0218	365.3858	3.8408	37.5981	0.9534	36.3709	12.3694	67.0943	5.2882	67.3202	0.6692	13.6716	11.5429	5.0153	0.5353	1.2931	51.8799	1287.1938	1.2481	0.1838	0.7712	0	11.5148
TCGA-55-6985-11A-01R-1949-07	TCGA-55-6985	LUAD	0.7051	45.4347	2.0509	0.5967	80.2836	1.3735	153.7158	19.9123	7.8307	29.263	4.7134	60.0324	14.4385	29.3915	3.3967	0.2049	0.1559	0.4322	0.0311	0	11.9885	0.2378	15.2617	24.4598	291.3098	3.8511	0.1136	7.2621	21.9969	1.2066	0.3666	9.7985	34.4517	50.2687	0.7779	0.1466	7.7791	7.7624	4.6342	46.5794	11.3365	0.2998	1.1289	7.6737	2.6021	26.0403	0.1086	264.3463	1.395	116.8387	0.4455	33.5441	41.2194	10.4099	21.6951	74.5739	0.8446	27.3816	11.9787	2.0405	0.3069	1.1965	102.5066	2499.7274	1.5721	0.3184	2.4144	0	141.0009
TCGA-55-6986-01A-11R-1949-07	TCGA-55-6986	LUAD	0.2257	21.5856	2.4567	0.7814	246.3525	0.4998	413.9261	18.7344	1.0052	38.8398	9.7757	178.1401	34.1118	37.7629	0.9792	18.8986	0.0634	0.0293	0	0.0344	5.9833	0.33	4.0237	18.0747	55.3855	13.3282	0.0959	2.158	18.7661	0.2869	0.021	1.3788	6.5795	272.9721	1.2261	0.3506	6.5371	13.5327	10.1967	8.3575	5.1844	0.1392	2.4726	2.8726	1.5959	23.2304	0.0662	523.8515	0.3148	17.588	0.019	36.3836	8.1522	4.1948	4.6507	66.5731	0.2553	16.7146	3.0841	2.2281	0.0374	0.6496	25.9735	1594.8057	0.6902	0.0699	0.4649	0.0211	16.4039
TCGA-55-6986-11A-01R-1949-07	TCGA-55-6986	LUAD	1.0839	43.156	1.8745	0.1805	67.6749	1.1385	95.6249	18.3558	3.9473	16.8652	3.7043	49.3282	10.8001	24.0807	1.3346	0.4224	0.0728	0.4038	0.0073	0.0132	20.1408	0.1034	5.0235	19.5062	568.2395	4.4426	0.1714	6.3392	12.3575	0.7737	0.1044	6.8893	9.3956	36.3459	0.3497	0.1264	8.9251	4.504	9.7469	29.4253	7.5654	0.5098	0.7663	3.8851	1.5073	8.5941	0.0338	131.0554	0.6983	21.4898	0.2977	31.537	78.555	7.3414	4.2774	87.6229	0.2367	14.2082	8.8531	1.9187	0.2581	1.1345	49.1831	1381.091	1.245	0.1205	2.113	0	26.4881
TCGA-56-7222-01A-11R-2045-07	TCGA-56-7222	LUSC	0.0233	2.6294	3.0219	0.2548	485.0996	0.0065	697.322	35.376	0.8116	151.8794	30.139	177.7863	51.2444	20.5227	0.1716	58.3786	0	0	0	0	37.6877	0.0289	0.7858	24.1711	38.5013	191.7975	0.0231	0.441	35.8797	0.0692	0	20.5407	46.7443	227.8492	0.4314	0.1292	0.7924	20.7965	1.6287	30.7706	0.4388	0.0027	4.2274	0.2074	88.3579	34.4828	0.0426	203.4712	0.2716	2.1879	0	34.6779	2.1124	5.0478	0.9466	8.7434	0.013	3.8683	0.577	0.101	0	0.5529	3.13	146.1669	0.0416	0.0337	2.1086	0.051	2.5764
TCGA-56-7222-11A-01R-2045-07	TCGA-56-7222	LUSC	0.5876	22.8283	1.2382	0.1414	71.351	0.5435	210.4977	34.54	1.82	23.7279	0.5748	71.7057	14.265	31.5372	3.6602	0.0418	0.165	0	0	0	16.2294	0.2627	6.8953	15.8548	260.7389	1.4922	0.2647	2.9989	18.696	0.4963	0.0893	8.1272	20.6022	58.6558	0.322	0.0098	0.6687	2.9253	9.6116	33.3424	2.7537	0.3123	2.4372	3.936	1.4359	34.2264	0.0157	191.8614	0.2745	89.5874	0.1076	48.933	19.1597	1.1713	12.8508	49.1407	0.4324	48.7276	5.7125	0.5949	0.0709	1.5374	63.5336	2088.1638	0.5853	0.0992	3.5309	0	131.4882
TCGA-56-7731-01A-11R-2125-07	TCGA-56-7731	LUSC	20.354	30.7679	1.5884	1.5446	239.3399	0.5576	468.2141	23.0821	9.9243	89.0472	43.8496	141.0975	22.9749	36.7332	0.7183	14.3418	0	0.0653	0.0106	0	18.5477	0.1422	5.933	17.4565	120.8491	141.7686	0.1337	2.6288	32.1064	0.3878	0	9.6296	108.5433	150.0909	5.9555	0.2243	6.6262	20.4587	2.7132	293.1696	5.1212	0.3292	3.6985	3.1461	10.5933	31.3287	0.0308	1514.0705	1.2754	15.3707	0.0317	46.4056	17.3899	2.7942	3.8736	70.7608	0.4796	33.1489	4.1866	2.3475	0.0939	1.0217	41.0884	1152.8426	0.786	0.078	1.6148	0	16.8963
TCGA-56-7731-11A-01R-2125-07	TCGA-56-7731	LUSC	1.7649	33.4133	0.7112	0.1594	93.4418	3.0229	326.8337	42.9447	31.1049	93.0278	16.5083	75.6954	18.3904	42.6392	1.8435	0	0.0191	0.1943	0	0.0208	14.3009	0.0543	8.6188	20.1515	552.8693	8.1492	3.4218	18.2229	15.4295	1.0718	0.7458	20.3649	49.6456	104.3811	1.4468	0.2674	9.0326	11.6333	2.7207	253.3965	10.8852	0.2855	2.7762	7.0991	4.9415	15.9275	0.02	852.1777	0.1399	37.0472	1.3032	72.2413	49.5345	10.1026	10.243	163.1646	0.7577	45.6274	39.9228	1.5622	1.0948	1.1826	87.6886	2109.6143	0.85	0.0843	0.752	0	84.1438
TCGA-56-7823-01B-11R-2247-07	TCGA-56-7823	LUSC	1.124	4.4527	2.0617	0.6057	256.5718	0.2757	337.6725	6.1158	4.53	101.6471	13.5004	157.0714	79.5699	44.2366	2.2556	28.4812	0.0269	0.3983	0.0161	0	10.4191	0.0383	1.5965	13.1802	7.8611	155.8416	0.0408	1.989	22.2618	0.0845	0.0178	4.8897	5.4688	203.28	0.5479	0.0789	34.3214	21.7945	0.2452	327.7919	3.365	0.0213	0.937	1.2954	0.5732	162.661	0.0375	1617.1004	0.479	5.0101	0.0967	18.3488	1.9432	14.9338	0.8163	17.4716	0.0514	2.3695	3.664	0.7934	0.0955	1.5476	6.5943	154.0459	0.0978	0.1288	0.7726	0.018	1.9585
TCGA-56-7823-11A-01R-2247-07	TCGA-56-7823	LUSC	3.665	64.3323	1.2749	0.6635	77.2054	1.6509	176.6437	25.3455	7.9884	47.3966	3.2083	74.4648	14.8128	47.4634	2.9412	0.1607	0.0533	0.591	0	0.0579	18.1382	0.2859	13.0139	34.7229	203.0999	3.1469	0.1523	8.5848	31.9148	3.0689	0.235	6.8511	49.8376	55.6447	1.5906	0.237	27.0436	8.3611	4.5909	34.1811	14.0221	0.2419	0.8878	5.6985	5.9041	21.7841	0.0557	181.7948	1.0404	52.2455	0.3613	38.0846	29.2743	21.4698	14.4238	92.4854	0.7456	35.8685	14.1398	4.2172	0.4721	1.3747	110.4277	2897.3044	0.7255	0.3004	1.86	0.0119	169.2667
TCGA-56-8082-01A-11R-2247-07	TCGA-56-8082	LUSC	140.1809	5.1807	2.4899	0.722	183.5956	0.1947	347.7865	10.548400000000001	1.3472	40.7928	18.6638	149.4263	17.4315	12.4431	0.1916	2.072	0.1279	0.0169	0.0109	0	12.7023	0.0951	4.1927	24.9381	65.3067	114.9173	0.0368	2.0848	10.3882	0.2227	0.0121	5.8284	15.5412	108.0736	0.6139	0.0535	3.1315	13.3446	0.4234	209.3786	0.8669	0.207	1.3132	0.4156	27.8667	17.0276	0.0445	633.3562	0.3152	3.4386	0	57.4174	4.122	23.032	2.7527	17.8354	0.0426	3.1811	1.177	0.2964	0.053900000000000003	0.867	5.5132	129.1634	0.0663	0.0806	5.1892	0.0122	2.1157
TCGA-56-8082-11A-01R-2247-07	TCGA-56-8082	LUSC	0.8516	35.8005	0.9995	0.2996	78.9725	3.0799	206.9507	36.9914	18.9035	64.1404	10.3931	69.1565	11.8368	38.5637	1.5277	0.118	0.0848	0.2741	0	0	32.8669	0.0903	7.5742	22.3745	521.6114	6.5134	0.8868	34.548	15.6689	0.9445	0.4204	39.9171	19.7612	87.0423	4.0154	0.6756	6.157	9.927	1.8772	219.4229	13.3629	0.5994	0.5759	7.7449	4.5993	11.1815	0.0221	727.9914	1.3184	23.8609	0.3548	71.0852	48.7968	56.9827	9.2911	123.7538	0.6108	13.8178	40.5542	2.8904	0.8633	1.0565	44.4862	1289.1955	1.4806	0.2103	5.0018	0	55.1096
TCGA-56-8201-01A-11R-2247-07	TCGA-56-8201	LUSC	0.6472	65.3585	0.4758	4.101	310.578	1.1536	519.2475	15.5908	18.9293	92.3395	697.7012	121.6126	29.4724	72.2828	1.4121	2.8167	0.0925	3.3553	0	0	4.6468	0.1752	18.4262	111.5558	72.432	5.6152	0.07	7.3019	106.9683	1.7802	0.1071	31.7986	14.0833	220.6615	7.6363	0.3462	100.4307	22.6578	0.1628	358.7321	27.7008	0.1077	0.8246	16.9937	14.66	8.3486	0.0242	2266.1909	4.0877	65.09	0.0553	37.2651	41.1044	150.0657	8.6862	216.5963	1.6816	60.0893	15.9829	7.0054	0.2732	1.4352	145.171	1829.3539	0.3988	0.119	5.6142	0	26.9286
TCGA-56-8201-11A-01R-2247-07	TCGA-56-8201	LUSC	1.1385	51.7445	0.911	0.4483	87.3636	2.1292	169.2903	38.3654	7.8832	23.5763	25.4309	68.3876	14.6794	34.3072	2.8248	0.0516	0.3215	0.3656	0	0	23.551	0.2458	11.9952	18.0319	358.7325	1.9955	2.2071	6.1967	25.1382	0.9904	0.4742	9.1312	22.9551	54.5875	1.5155	0.5552	21.4662	7.7635	6.6149	218.4993	12.2598	0.1608	1.0912	6.6156	1.6264	19.3051	0.0172	677.3001	3.7755	56.2055	0.3697	38.3024	36.7931	20.4166	21.1559	71.2726	0.76	72.5499	17.4391	3.2989	0.3942	1.4887	78.7135	2818.1112	1.2118	0.2636	4.3368	0	103.6968
TCGA-56-8309-01A-11R-2296-07	TCGA-56-8309	LUSC	2.2959	65.1903	2.6113	8.9497	204.1495	2.5888	439.1379	20.1444	22.2544	33.7161	128.0966	128.3664	32.0013	30.8158	1.4538	4.588	0.0743	1.4758	0.0111	0	15.2604	0.3253	16.7486	55.4848	56.8065	126.4992	0.0375	10.2593	40.3971	0.8473	0	3.1701	36.6195	165.4437	5.9848	0.2901	120.67	17.2428	1.1033	20.3617	23.5184	0.1648	2.9959	16.7534	21.6443	13.6004	0.0711	98.2137	7.1764	41.0596	0.0555	51.7091	45.4778	80.3318	12.1189	82.2057	1.6691	35.3376	13.9231	12.3105	0.976	3.008	53.9024	1838.2492	1.2978	0.4711	4.347	0.0124	8.9247
TCGA-56-8309-11A-01R-2296-07	TCGA-56-8309	LUSC	1.12	65.5956	1.6361	0.9204	109.1241	1.2366	148.7488	20.0748	12.3034	19.8445	3.4739	73.9072	16.2494	38.0209	3.4051	0.1262	0.0518	0.4068	0.0155	0	20.4104	0.1716	17.75	38.6168	288.3201	6.1916	0.1829	6.9915	37.815	1.2899	0.2055	11.9337	10.1432	48.2823	1.1192	0.1433	27.9742	11.8798	6.9508	90.7513	10.1889	0.2662	1.317	3.0037	1.5911	14.7652	0.0722	347.8836	1.5845	109.3229	0.3873	32.9097	46.7128	28.5626	22.3988	68.9726	0.258	66.3867	15.3196	3.0974	0.3823	1.5067	190.0891	4047.7696	0.8227	0.1904	1.1745	0	138.8761
TCGA-56-8623-01A-11R-A28V-07	TCGA-56-8623	LUSC	1.5583	62.7493	1.0699	0.833	111.829	3.0056	176.0442	27.7225	7.7112	21.7696	136.6181	75.1712	16.7424	49.5417	4.2183	0.1508	0.0578	0.2937	0	0	14.5371	0.1231	15.1229	24.9987	222.5929	5.033	0.1311	7.206	31.1695	1.4441	0.2675	17.6286	107.2907	52.8927	0.812	0.3573	9.3689	12.4695	5.2741	72.6706	22.8614	0.377	1.9423	8.818	1.7814	19.8743	0.0201	328.4784	2.2891	83.5039	0.5876	30.0971	23.9258	17.1166	19.4614	135.6256	1.1178	61.0237	23.1015	3.4297	0.4436	1.6303	148.7913	3889.9836	1.7964	0.2762	5.8965	0	107.5204
TCGA-56-8623-11A-01R-A28V-07	TCGA-56-8623	LUSC	1.2613	52.0266	0.9832	1.2226	99.3581	5.43	172.0604	28.713	14.0342	19.0686	9.9655	71.0694	14.0112	44.1682	3.5701	0.184	0.0661	0.5295	0	0.0239	20.2721	0.2295	13.0728	25.4227	377.7703	3.1879	0.1556	6.1951	30.3358	1.4506	0.5247	6.7286	40.4481	47.5892	1.0146	0.251	14.5319	10.1414	5.0706	71.518	29.3118	0.4511	1.3654	8.3549	1.6169	18.0807	0.0614	269.5862	2.3854	80.1196	1.608	30.5439	39.2682	17	22.7398	113.1267	1.0137	55.2071	45.756	4.1321	1.015	1.3594	134.9491	3028.5739	2.9401	0.3241	4.0709	0	102.0166
TCGA-73-4676-01A-01R-1755-07	TCGA-73-4676	LUAD	0.3498	17.8844	2.7657	0.5699	279.6834	0.3664	600.3666	40.135	5.8033	80.7585	10.9982	292.664	32.6621	12.7708	1.1129	0.0684	0.0982	0.0681	0	0	25.1034	0.0814	5.1246	26.4822	57.5863	40.7141	0.1114	6.4548	89.3092	0.65	0	0.4201	13.8982	217.7157	4.1196	0.1438	3.8913	28.3769	9.0019	37.8707	2.7294	0.0626	4.5139	4.6592	6.519	16.4598	0.0086	587.4407	0.4879	34.0286	0.0147	30.4468	7.6682	7.2261	6.2753	35.9313	0.3904	22.2422	2.6736	1.3429	0.029	1.3378	51.1441	1065.2302	0.3789	0.0451	0.262	0.0819	30.9788
TCGA-73-4676-11A-01R-1755-07	TCGA-73-4676	LUAD	1.3212	44.1917	0.9011	0.1375	118.9534	2.1817	229.4057	59.904	26.3677	40.5863	14.0744	115.8925	14.4349	47.2189	3.7701	0.0264	0.3033	0.0701	0	0	11.0504	0.1436	16.5643	21.2636	522.0676	7.2095	0.3824	6.1135	28.9764	0.6338	0.0752	3.2145	43.6339	92.8484	0.7709	0.222	3.534	8.409	4.6023	161.5022	17.8972	0.2498	2.1605	20.1749	2.3125	16.2222	0.0132	647.2269	0.2577	92.7583	1.179	34.4819	95.4445	7.7986	11.8438	153.9632	1.7358	50.0539	34.2685	3.1897	0.3358	1.6244	116.5579	4174.9387	2.5461	0.0139	0.5815	0	65.7277
TCGA-77-7138-01A-41R-2045-07	TCGA-77-7138	LUSC	0.0725	6.3387	0.9585	1.1639	502.4023	0.1151	642.1184	25.6065	3.2355	93.061	49.8353	197.8512	40.0275	40.2636	0.1545	100.3399	0	0.3326	0.0269	0.0326	50.9923	0.0639	2.6175	24.1438	38.2853	90.1435	0.0529	1.3074	54.2002	0.2455	0	21.9271	10.8651	429.8515	0.7922	0.0878	3.7325	9.5643	0.5202	6832.7756	5.4324	0.0237	6.3779	0.8422	37.889	72.9736	0.0052	23731.6753	0.8706	3.5794	0	36.9363	7.0371	5.4424	2.0862	121.93	0.0445	2.0378	2.173	0.4146	0.0709	0.8089	9.3499	351.4566	0.0817	0.0276	1.5004	0.05	2.2129
TCGA-77-7138-11A-01R-2045-07	TCGA-77-7138	LUSC	0.5749	43.3379	1.336	0.4659	77.8481	3.1675	135.8581	28.1099	10.5456	21.425	1.2606	64.1564	12.8571	31.1365	3.1079	0.2693	0.031	0.7295	0.0093	0	20.5428	0.1246	11.2794	21.3168	305.4427	1.3724	0.2186	2.9854	22.5142	1.0028	0.3788	9.2109	5.6247	51.238	0.4766	0.1511	3.2875	5.3461	10.1882	92.7936	13.1077	0.4352	0.7645	2.3805	2.1539	18.6219	0.0162	284.5625	0.3804	64.2566	1.074	34.5069	27.0682	6.5751	13.2719	72.1795	0.2297	33.5751	20.7894	1.5908	0.8867	1.3037	117.982	1789.831	0.9413	0.0797	5.2545	0.0207	90.244
TCGA-77-7142-01A-11R-2045-07	TCGA-77-7142	LUSC	0.4103	14.7693	1.3359	0.697	121.2882	0.3542	197.6632	21.8737	3.6692	55.6443	23.2864	120.1839	40.1256	38.3358	0.5614	1.2584	0.0815	0.2559	0.0097	0	7.7133	0.0925	4.0363	51.2295	48.4356	104.6148	0.0822	1.1449	72.1081	0.5163	0.053900000000000003	1.4116	18.4844	157.385	0.8512	0.1431	8.6361	2.0431	1.6672	10.0457	5.3509	0.1732	1.1379	3.4797	28.796	26.1215	0.1362	46.3853	0.5963	18.0171	0.0487	21.4256	5.5385	8.8898	4.1279	28.882	0.2314	11.1384	2.8742	0.9888	0.1443	2.1512	23.2603	570.9351	0.4583	0.10780000000000001	0.2281	0	13.1908
TCGA-77-7142-11A-01R-2045-07	TCGA-77-7142	LUSC	0.9536	37.3577	1.3299	0.133	66.7713	2.1366	129.5286	37.534	6.0592	28.5705	1.8251	67.0044	11.4421	24.2867	2.5489	2.1693	0.1019	0.3201	0	0	22.5287	0.1736	9.8041	20.1503	410.5921	1.7546	0.1336	3.9182	21.821	0.7309	0.2425	5.1599	6.7183	55.6831	0.4891	0.2851	3.3773	2.545	9.4771	64.3281	14.1984	0.8878	0.4287	4.6734	9.982	18.2183	0.0355	220.1104	0.4581	74.1914	0.9626	36.387	66.5484	2.7553	13.110900000000001	51.8093	0.3325	33.2789	14.487	1.702	0.794	1.1589	100.1476	1961.5266	1.4977	0.0824	2.2011	0	90.8746
TCGA-77-7335-01A-11R-2045-07	TCGA-77-7335	LUSC	0.2975	60.3721	1.3739	9.6369	178.7267	1.8571	437.1168	14.934	47.742	59.1329	65.9938	82.1019	79.6354	33.9196	1.4675	0.5493	0.2339	6.646	0.3497	0.0635	3.149	0.6643	15.7444	93.6598	29.5622	51.1874	0.0295	4.4281	44.8801	0.7535	0.0193	2.4682	195.4642	268.0253	3.9224	0.3139	492.3518	4.4715	0.241	122.6421	53.9316	0.1336	1.4526	26.064	26.7573	17.934	0.0916	167.2383	6.0694	45.3848	0	27.2728	12.228	197.8601	8.3633	152.2086	3.6875	12.5522	16.6183	14.2148	0.0863	1.4525	93.396	2653.901	2.0431	0.0215	1.2673	0	6.9116
TCGA-77-7335-11A-01R-2045-07	TCGA-77-7335	LUSC	0.8142	63.0364	0.8213	0.3316	85.9084	1.5364	173.8953	41.8731	19.8592	29.5606	3.0923	118.6433	15.0632	27.9312	3.3196	0.0562	0.2421	4.0263	0	0.0292	7.2247	0.1528	15.8241	70.803	236.3186	2.5711	0.1221	5.6342	26.3071	1.0679	0.0889	4.6213	9.5315	107.1281	0.4102	0.2013	57.0895	2.3951	7.237	93.0982	83.0051	0.4655	0.8804	21.2928	3.5966	11.8297	0.2155	326.5623	0.7314	95.2065	0.2091	32.4479	44.0973	91.4471	4.4396	86.2034	4.1393	16.7804	23.6195	6.3688	0.2541	1.1028	175.1436	5818.9352	3.271	0.0099	1.0942	0.0179	72.8145
TCGA-77-7338-01A-11R-2045-07	TCGA-77-7338	LUSC	0.3258	14.4965	0.891	1.2176	268.1949	0.2596	221.386	15.1487	3.0841	49.216	82.7583	149.5759	46.9259	34.0264	0.5879	2.9345	0	0.1587	0	0.017	13.0767	0.0296	6.0407	18.8304	35.1205	428.6936	0.9215	3.5608	206.72	0.5494	0.0103	19.7821	43.5583	170.9978	2.2231	0.188	6.9817	11.8921	0.7321	580.2303	7.958	0.1043	5.5044	3.7715	23.043	21.0791	0.0272	1589.1884	0.7023	19.1221	0.0187	32.2661	9.9342	9.3852	4.5411	59.0887	0.3079	14.2335	2.5958	0.7227	0.0922	1.4249	24.5631	430.4323	0.567	0.0804	2.4788	0.0208	16.5635
TCGA-77-7338-11A-01R-2045-07	TCGA-77-7338	LUSC	1.3465	29.7054	1.0495	0.09	73.4309	3.1662	187.1138	26.2698	18.117	32.6513	1.9969	71.1278	13.0562	32.4501	1.6388	0.2302	0.1489	0.4586	0	0	16.421	0.1096	5.9135	31.771	478.0848	2.4656	0.1418	3.8841	10.048	0.4839	0.7111	9.0246	11.8945	70.535	0.1729	0.1615	13.1739	2.738	3.8515	118.5837	29.935	0.4345	1.3391	11.8628	2.352	11.77	0.0576	239.5707	0.2941	32.8831	1.9292	39.9823	47.2603	18.1797	6.0693	94.2711	1.3009	13.5415	28.817	2.2765	0.4493	1.3962	34.3175	1039.1931	2.7473	0.0669	0.3751	0	22.7136
TCGA-77-8008-01A-21R-2187-07	TCGA-77-8008	LUSC	0.1458	47.6075	1.3865	3.3144	352.6694	0.426	426.728	20.0137	2.5989	91.0733	60.0887	154.512	37.8693	60.4766	0.8972	17.252	0	0.0543	0	0	25.5681	0.0139	9.1526	32.7183	46.4342	318.0527	0.0445	2.3738	155.4576	1.2181	0	22.472	49.0342	141.1097	5.2628	0.2152	10.3394	30.93	0.4996	2358.3226	5.1204	0.1033	3.3842	3.2306	21.5449	36.3838	0.0307	6055.9501	1.1449	29.4867	0.0176	37.8209	31.9432	47.807	9.0489	147.4884	0.5015	22.9454	3.2653	1.8458	0.1822	1.2512	62.8619	832.7821	0.0934	0.081	5.7819	0	18.647
TCGA-77-8008-11A-01R-2187-07	TCGA-77-8008	LUSC	1.0707	52.0982	0.744	0.555	117.4016	1.97	252.3715	32.9857	6.7812	71.2937	9.9686	83.2972	20.7801	44.3452	2.8004	0.1331	0.0589	0.1768	0.0264	0	19.3638	0.202	6.5261	20.1635	204.1693	3.9267	0.0965	3.8165	36.8874	0.8509	0.2433	4.6357	41.2817	100.0827	1.8455	0.9913	2.3919	9.6026	2.7873	187.014	11.4508	0.8715	1.557	6.0765	8.5426	9.9763	0.0359	683.3184	0.5156	64.4328	0.3785	63.5191	15.5631	6.5734	20.9853	187.1807	0.6582	47.4999	15.6576	2.7684	0.3911	1.3509	87.637200000000007	1352.267	1.1887	0.211	0.5692	0.0098	45.4157
TCGA-85-7710-01A-11R-2125-07	TCGA-85-7710	LUSC	0.1397	10.7789	2.4452	0.675	263.9447	0.5463	544.798	12.1066	6.655	128.7502	6.2344	242.1998	46.8874	61.2366	0.3858	73.9946	0.0305	1.142	0.0183	0.0166	13.0945	0.0289	3.4325	78.9108	79.3971	393.8379	0.0154	1.6666	38.6067	0.2763	0.0202	2.542	25.521	246.425	1.4479	0.1192	74.4828	13.6947	5.0457	286.5273	10.9375	0.0684	5.1322	4.8269	31.934	54.7912	0	1380.9344	1.2286	10.7669	0.0639	39.5648	3.4941	104.0813	3.0707	25.009	0.3428	8.2474	5.2413	1.3387	0.2342	0.6087	26.2019	1139.459	0.6231	0.1514	1.6585	0	4.6862
TCGA-85-7710-11A-01R-2125-07	TCGA-85-7710	LUSC	1.9006	64.3634	2.2486	5.814	91.8441	3.2475	151.7052	17.7999	18.8479	27.3319	56.6579	76.4563	13.8338	37.9375	3.3199	0.034	0.3581	0.5565	0	0	9.5463	0.4546	16.3976	30.0116	134.1832	6.1663	0.1478	4.8908	19.4971	2.0806	0.366	5.8478	23.686	52.5887	7.7376	0.2754	12.9903	6.2603	3.3513	44.4038	17.9511	0.5563	1.7744	11.9425	3.7561	15.7622	0.1077	205.7098	5.0731	97.368	0.4478	30.5329	41.9468	8.6814	14.1739	59.5095	1.7529	30.4759	17.6584	9.724	1.1343	1.885	80.6824	2897.0067	11.4345	0.4787	8.3804	0	72.5209
TCGA-90-6837-01A-11R-1949-07	TCGA-90-6837	LUSC	0.3085	40.8438	1.3541	3.1986	267.2484	0.4779	653.3021	13.8001	7.4911	86.4519	61.9034	199.566	29.5425	41.6951	1.4317	16.152	0	0.4755	0.022	0	31.2087	0.0087	9.4414	17.3289	28.6785	228.2781	0.1019	2.2326	54.6811	0.5312	0.0486	12.0623	46.4173	160.255	4.7491	0.2511	17.1081	19.7927	0.1956	5466.269	10.6951	0.0759	2.4866	3.9118	10.9183	37.41	0.0576	12513.9815	2.3639	31.4312	0.0879	23.2171	5.6363	12.7759	16.8149	172.1738	0.4402	27.5484	5.0144	2.4186	0.2387	1.7038	61.3751	1167.8846	0.4837	0.0473	1.6054	0	19.1609
TCGA-90-6837-11A-01R-1949-07	TCGA-90-6837	LUSC	2.5045	63.889	0.7071	0.1773	87.6529	0.79	177.0516	22.0033	3.7356	37.3362	1.8002	76.487	17.2994	39.8338	2.6754	0.0537	0.0644	0.0595	0.0077	0	10.8638	0.134	7.5171	20.9744	230.1448	1.3086	0.1363	5.3813	18.6454	0.7754	0.1787	4.0682	24.6193	50.52	0.9196	0.1633	5.7272	4.4351	5.6793	33.1996	7.5544	0.3302	0.6093	5.3327	4.8611	21.4247	0.0359	184.4307	0.4374	52.6258	0.3695	38.0958	6.4281	5.2581	16.4879	70.0591	0.682	63.419	8.4648	1.98	0.2204	1.1671	50.8627	1900.9624	0.584	0.0426	0.7038	0.0086	127.8904
TCGA-91-6828-01A-11R-1858-07	TCGA-91-6828	LUAD	0.2539	43.4671	0.6811	1.4993	112.1225	1.0789	187.4606	10.527	7.4629	46.0124	15.4529	78.828	17.4413	17.2918	1.4486	0.6449	0.1426	0.8893	0.0853	0	19.1351	0.2868	8.7968	59.8145	103.7417	5.5603	0.0719	3.01	22.8252	1.2911	0.1179	4.507	9.0971	91.9955	8.5271	0.3943	91.4762	7.7777	7.3629	17.4143	11.8415	0.0814	1.3959	8.5949	1.8648	13.0958	0.0993	99.1263	3.0195	64.8406	0.1492	52.8769	24.7605	72.3061	11.1709	91.1984	0.6876	61.0895	7.9996	1.928	0.3999	1.0533	86.5808	1399.6106	0.5176	0.1572	0.4516	0.0238	60.1306
TCGA-91-6828-11A-01R-1858-07	TCGA-91-6828	LUAD	0.8849	33.8245	1.1747	0.2645	86.2301	1.2318	166.9302	42.9118	7.164	24.9569	2.4324	66.0996	12.0192	27.5648	1.3765	0.1367	0	0.0518	0.0336	0	20.8705	0.093	7.307	25.1142	463.1832	3.3652	0.3961	7.8405	16.3737	1.2897	0.2412	11.1528	12.0325	64.0124	0.6814	0.1369	12.598	7.753	7.2208	66.661	6.727	0.175	1.0166	3.13	1.224	11.2564	0.0489	264.2903	0.6455	38.274	0.151	48.2682	45.7854	12.0227	6.3139	47.3367	0.4163	25.6054	16.8184	0.8093	0.381	1.1347	90.2612	1882.6279	0.4074	0.1031	1.6463	0	75.1658
TCGA-91-6829-01A-21R-1858-07	TCGA-91-6829	LUAD	0.4037	23.1244	1.2261	0.7051	148.5782	0.3144	316.7569	28.0187	3.2617	59.0084	10.7395	76.5466	32.0081	23.4339	0.9628	0.5911	0	0.0826	0	0	5.7007	0	6.8626	32.5445	55.8228	9.1065	0.0451	2.6547	47.3478	0.4359	0.0148	1.2635	33.3278	121.9393	1.7487	0.1746	3.9226	10.2333	0.9864	3.3406	5.4994	0.3005	1.0582	3.7408	8.3408	5.6678	0.0234	48.8902	0.2104	19.0496	0.0134	49.2641	3.2491	6.45	6.4334	88.3483	0.4027	22.9866	5.3244	1.209	0.0792	1.5522	40.5433	668.0603	0.2029	0.074	0.2981	0.0149	12.1977
TCGA-91-6829-11A-01R-1858-07	TCGA-91-6829	LUAD	0.1812	71.9621	2.4968	0.226	152.7166	0.8858	237.5593	28.6067	2.8251	16.3222	7.5936	94.4739	23.8811	61.2361	8.9398	0.0826	0.1484	0.192	0	0	9.9418	0.281	23.6597	21.9506	161.0434	2.5464	0.1048	4.8194	49.2829	1.6232	0.0785	11.6358	37.4163	53.2384	0.2599	0.058	4.6681	14.0046	5.194	124.5966	6.7104	0.1591	2.0214	2.8	2.7709	45.1012	0.0103	611.959	0.1552	312.1079	0.142	29.6736	20.0965	5.7955	42.6734	78.2888	0.3776	63.1462	7.2426	1.1774	0.2805	1.9079	176.0997	3701.7856	0.7543	0.1091	2.6527	0	372.291
TCGA-91-6831-01A-11R-1858-07	TCGA-91-6831	LUAD	0.3358	28.1377	0.8369	2.0395	195.6883	0.5383	500.7965	28.1896	8.9896	50.5402	45.6387	164.1276	53.7726	17.335	0.7417	30.3746	0	0.4773	0.0172	0.0312	13.4625	0.0136	7.736	39.2444	59.9255	11.5067	0.1158	2.2904	32.1578	0.7296	0.93	4.4182	10.0643	180.3604	2.1721	0.0747	39.8813	12.7412	4.4938	14.8487	7.813	0.7311	5.1242	2.3592	6.7463	9.778	0.02	100.3151	1.5906	38.395	0.3947	38.3236	8.4601	44.9842	7.6723	119.1147	2.196	25.1816	8.5445	2.4834	0.2033	0.6466	65.7443	623.6811	0.5209	0.0211	1.1291	0	8.9317
TCGA-91-6831-11A-02R-1858-07	TCGA-91-6831	LUAD	1.0252	34.7183	1.2657	0.4814	59.586	0.8287	129.7701	43.894	9.7011	46.5252	3.4977	62.1793	10.1342	25.5199	1.2698	0.3959	0.0474	0.6572	0.0284	0	22.853	0.0224	10.8365	28.0482	573.5237	1.7888	0.263	16.583	14.1353	1.4531	0.0627	15.8161	16.4704	68.1513	0.8169	0.1851	15.5073	5.4915	4.4613	77.4692	10.3032	0.4082	0.7205	7.8478	3.2008	14.0035	0.0826	305.5546	1.3388	64.8913	0.1134	44.0708	86.713	18.5581	6.7345	99.5111	0.7136	14.361	12.6212	1.8236	0.364	1.1033	81.7735	1922.8742	0.8606	0.1394	1.0118	0	88.7563
TCGA-91-6835-01A-11R-1858-07	TCGA-91-6835	LUAD	0.4283	69.9565	3.2167	4.9273	86.0529	2.7795	250.8782	14.064	7.9038	52.825	132.0046	88.7164	25.7669	34.7783	1.6428	0.327	0.4503	0.8865	0	0.0213	9.8824	0.8527	12.9089	69.4597	69.4927	7.268	0.079	5.1362	40.0639	1.2547	0.0129	3.5097	38.3085	62.1197	4.6176	0.7582	113.8912	6.9766	8.4285	4.9181	26.8252	0.1995	1.07	22.8586	2.7032	16.1123	0.0955	173.063	4.638	84.4703	0.0234	62.8703	27.333	47.2139	10.6469	101.3475	2.7227	34.2536	9.6063	12.2141	0.3815	2.148	72.7817	1860.1567	3.7316	0.4031	5.014	0.0131	42.4899
TCGA-91-6835-11A-01R-1858-07	TCGA-91-6835	LUAD	0.2534	42.3565	1.6951	0.572	122.3117	0.932	197.4516	16.1938	4.7625	21.3903	1.3522	61.5984	15.5851	26.1665	1.3061	4.9494	0.0277	0.3836	0	0	8.7488	0.1572	6.0187	28.5868	89.1045	5.3376	0.1675	2.0956	29.4303	0.2988	0.1098	3.9211	8.2137	50.3692	0.6565	0.3242	22.0393	3.6844	8.5247	22.1045	10.092	0.8072	0.8977	5.9009	11.1013	8.0741	0.0096	64.6907	0.738	33.9118	0.0331	37.6398	3.57	27.3302	8.9232	49.0815	0.6687	14.8952	5.0669	2.977	0.3105	0.9302	49.1271	1326.9104	0.5525	0.1017	3.0635	0.0554	25.3205
TCGA-91-6836-01A-21R-1858-07	TCGA-91-6836	LUAD	0.6895	7.1568	1.5159	1.0618	133.8295	0.9362	620.9972	22.2658	8.6304	51.8383	10.407	273.4156	26.0425	8.6963	0.2816	0.2341	0	0.8227	0.0118	0	24.4315	0.0281	3.2596	49.2946	43.225	83.6493	0.0798	7.2006	29.0525	0.4686	0.0785	4.4517	9.8887	84.7389	1.1009	0.0515	6.287	25.5415	38.8085	8.1258	6.153	0.0435	5.5106	3.9286	2.2162	32.6202	0.062	38.1766	1.345	10.2734	0.0473	36.2575	4.5091	9.8927	3.2775	23.1619	0.3355	6.2901	3.7898	1.1296	0.2337	1.4471	14.5033	242.2326	0.8799	0.0509	0.3695	0.0132	9.7389
TCGA-91-6836-11A-01R-1858-07	TCGA-91-6836	LUAD	0.8016	54.0095	1.3278	0.5217	81.8043	1.3434	175.3761	25.5538	11.1922	27.3993	1.5752	71.2822	13.789	29.7462	3.554	0	0.1713	0.4431	0.041	0	17.812	0.2432	15.4349	23.273	328.8364	2.0979	0.2073	6.8674	34.7494	1.5986	0.3398	6.9553	13.9167	50.9637	1.7704	0.3344	6.9276	5.6227	9.293	68.9608	12.4917	0.3792	0.981	17.1728	2.0448	38.3436	0.0596	316.479	1.5046	107.2996	0.5736	36.224	55.3757	11.4177	19.8797	118.2018	2.2073	56.9654	17.2625	3.4996	0.6068	1.5816	114.134	3136.9845	1.2746	0.3526	1.6219	0	114.8221
TCGA-91-6847-01A-11R-1949-07	TCGA-91-6847	LUAD	0.0482	2.1521	2.8356	0.2432	156.2553	0.1492	564.9151	23.9143	2.3245	62.7589	3.3111	123.8824	25.5339	18.4575	0.0737	14.7651	0	0.0943	0	0	17.7391	0	0.6932	29.8948	21.0714	42.3216	0.1691	1.43	96.6633	0.0559	0.0096	0.3254	6.9919	112.7974	0.1359	0.019	10.7268	19.7666	2.5765	31.1155	6.6837	0.1358	1.2487	3.1897	13.9215	14.7682	0	2842.1393	0.1601	2.1073	0	23.9511	0.5746	23.081	0.3816	9.3867	0.0711	0.5528	2.0673	0.2366	0.1292	1.6186	1.2755	44.4279	0.4367	0.1715	0.2723	0	0.5001
TCGA-91-6847-11A-01R-1949-07	TCGA-91-6847	LUAD	0.3056	31.7299	1.1612	0.1494	98.41	0.9073	185.2466	47.2246	2.1236	15.8253	1.0031	65.5601	12.3085	26.1865	1.2473	0.0956	0.0687	0.1586	0	0.0373	23.6089	0.1625	6.572	15.59	263.2393	2.0851	0.2251	3.114	15.9045	0.8967	0.0454	2.7193	5.0374	45.7185	0.1842	0.0223	1.6974	6.0113	12.1251	30.3524	4.1587	0.4253	0.9029	2.3308	0.9911	18.5193	0.012	139.4462	0.0898	44.0167	0.1232	37.4002	24.9441	1.5039	11.6163	44.2189	0.1164	28.8623	7.6128	0.9697	0.2027	0.9954	39.3452	1541.2835	0.4985	0.0883	0.6868	0	56.4374
TCGA-91-6849-01A-11R-1949-07	TCGA-91-6849	LUAD	0.0215	25.2126	1.1941	0.9963	205.2357	1.0091	394.8306	19.2012	6.7046	42.2963	122.7274	79.3946	31.2727	15.8105	0.9183	0.2942	0	0.1562	0	0	8.2992	0.1	7.4041	22.4885	74.8278	7.7095	0.0639	1.186	13.0251	0.7655	0.0839	2.2637	430.0829	158.9337	2.3519	0.1926	15.9326	12.6452	17.746	22.0313	8.2354	0.1114	1.1118	6.6398	1.1928	3.309	0.0294	290.3272	2.6082	49.0633	0.1517	58.4003	11.6288	5.193	10.2535	68.6553	0.5466	23.1258	6.3306	2.8706	0.2995	1.2335	14.5288	1242.4868	0.6522	0.0622	0.2537	0	23.9605
TCGA-91-6849-11A-01R-1949-07	TCGA-91-6849	LUAD	1.9244	33.3917	0.9437	0.2325	79.6902	1.8585	141.9032	39.7162	8.2115	22.598	2.3648	56.8847	10.627	25.2989	1.3928	0.1115	0.0962	0.1185	0	0	19.2866	0.1366	5.1349	17.0765	693.9075	2.4135	0.2102	8.5399	15.2605	0.7815	0.1696	4.0175	9.0878	49.1135	0.5885	0.0522	9.0815	4.7589	8.2619	30.0739	6.6858	0.3436	0.9649	1.8236	1.35	8.892	0.0335	116.8163	0.9219	28.1886	0.5943	38.4316	55.5825	6.9605	3.6704	84.0623	0.1019	22.0286	18.192	1.2137	0.3597	1.1959	52.8393	1548.5477	0.64	0.0707	3.5486	0	55.4317
